customer_code,awal_piutang_lokal,akhir_piutang_lokal,awal_piutang_online,akhir_piutang_online,awal_hutang_lokal,akhir_hutang_lokal
11.999.0001,0,0,0,0,0,0
11.999.0002,0,0,0,0,0,0
11.999.0003,0,0,0,0,0,0
11.999.0004,0,0,0,0,0,0
11.999.0005,0,0,0,0,0,0
11.999.0006,0,0,0,0,0,0
12.999.0007,0,0,0,0,0,0
12.999.0008,0,0,0,0,0,0
16.999.0009,0,0,0,0,0,0
18.999.0010,0,0,900000,900000,0,0
18.999.0011,0,0,0,0,0,0
18.999.0012,0,0,0,0,0,0
18.999.0013,0,0,0,0,0,0
21.999.0014,0,0,0,0,0,0
PLG0001,0,0,0,0,0,0
PLG0002,0,0,0,0,0,0
PLG0003,0,0,0,0,0,0
PLG0004,0,0,0,0,0,0
PLG0006,0,0,0,0,0,0
PLG0007,0,0,0,0,0,0
PLG0008,0,0,0,0,0,0
PLG0009,0,0,0,0,0,0
PLG0010,0,0,0,0,0,0
PLG0011,0,0,0,0,-4230895,-4230895
PLG0012,0,0,0,0,0,0
PLG0013,0,0,0,0,0,0
PLG0014,0,0,0,0,0,0
PLG0015,5934831.5,5934831.5,0,0,0,0
PLG0016,0,0,0,0,0,0
PLG0017,0,0,0,0,0,0
PLG0018,0,0,0,0,0,0
PLG0019,0,0,0,0,0,0
PLG0020,0,0,0,0,0,0
PLG0021,0,0,0,0,0,0
PLG0022,0,0,0,0,0,0
PLG0023,0,0,0,0,0,0
PLG0024,0,0,0,0,0,0
PLG0025,0,0,0,0,0,0
PLG0026,0,0,0,0,0,0
PLG0027,0,0,0,0,0,0
PLG0028,0,0,0,0,400000,400000
PLG0029,0,0,0,0,0,0
PLG0030,0,0,0,0,0,0
PLG0031,0,0,0,0,0,0
PLG0032,195810530,195810530,0,0,0,0
PLG0033,314000,314000,0,0,0,0
PLG0034,20931633.00,20931633.00,0,0,0,0
PLG0035,523500,523500,0,0,0,0
PLG0036,858393390,858393390,0,0,0,0
PLG0037,0,0,0,0,0,0
PLG0039,0,0,0,0,0,0
PLG0040,0,0,0,0,0,0
PLG0041,0,0,0,0,0,0
PLG0042,0,0,0,0,-354707,-354707
PLG0043,0,0,0,0,0,0
PLG0044,0,0,0,0,-11335395,-11335395
PLG0045,0,0,0,0,0,0
PLG0046,0,0,0,0,0,0
PLG0047,27393611,27393611,0,0,0,0
PLG0048,0,0,0,0,-952942,-952942
PLG0049,0,0,0,0,-981673,-981673
PLG0050,0,0,0,0,0,0
PLG0051,0,0,0,0,0,0
PLG0052,0,0,0,0,0,0
PLG0053,6824464,6824464,0,0,0,0
PLG0054,0,0,0,0,0,0
PLG0055,0,0,0,0,0,0
PLG0056,0,0,0,0,-377250,-377250
PLG0058,0,0,0,0,0,0
PLG0059,0,0,0,0,0,0
PLG0060,0,0,0,0,0,0
PLG0061,-19619000,-19619000,0,0,0,0
PLG0062,0,0,0,0,0,0
PLG0063,0,0,0,0,0,0
PLG0064,0,0,0,0,0,0
PLG0065,0,0,0,0,0,0
PLG0066,0,0,0,0,0,0
PLG0067,0,0,0,0,0,0
PLG0068,0,0,0,0,0,0
PLG0069,0,0,0,0,0,0
PLG0070,0,0,0,0,0,0
PLG0071,0,0,0,0,0,0
PLG0072,0,0,0,0,0,0
PLG0073,0,0,0,0,0,0
PLG0074,0,0,0,0,0,0
PLG0075,0,0,0,0,0,0
PLG0076,0,0,0,0,0,0
PLG0077,0,0,0,0,0,0
PLG0078,0,0,0,0,0,0
PLG0079,0,0,0,0,0,0
PLG0080,0,0,0,0,0,0
PLG0081,0,0,0,0,0,0
PLG0082,0,0,0,0,0,0
PLG0083,0,0,0,0,0,0
PLG0084,0,0,0,0,0,0
PLG0085,0,0,0,0,0,0
PLG0086,0,0,0,0,0,0
PLG0087,0,0,0,0,0,0
PLG0088,0,0,0,0,0,0
PLG0089,0,0,0,0,0,0
PLG0090,0,0,0,0,0,0
PLG0091,0,0,0,0,0,0
PLG0092,0,0,0,0,0,0
PLG0093,0,0,0,0,0,0
PLG0094,0,0,0,0,0,0
PLG0095,0,0,0,0,0,0
PLG0096,0,0,0,0,0,0
PLG0097,0,0,0,0,0,0
PLG0098,0,0,0,0,0,0
PLG0099,0,0,0,0,0,0
PLG0100,0,0,0,0,0,0
PLG0101,0,0,0,0,0,0
PLG0102,0,0,0,0,0,0
PLG0103,0,0,0,0,0,0
PLG0104,0,0,0,0,0,0
PLG0105,0,0,0,0,0,0
PLG0106,0,0,0,0,0,0
PLG0107,0,0,0,0,0,0
PLG0108,0,0,0,0,0,0
PLG0109,0,0,0,0,0,0
PLG0110,0,0,0,0,0,0
PLG0111,0,0,0,0,0,0
PLG0112,0,0,0,0,0,0
PLG0113,0,0,0,0,0,0
PLG0114,0,0,0,0,0,0
PLG0115,0,0,0,0,0,0
PLG0116,0,0,0,0,0,0
PLG0117,0,0,0,0,0,0
PLG0118,0,0,0,0,0,0
PLG0119,0,0,0,0,0,0
PLG0120,0,0,0,0,0,0
PLG0121,0,0,0,0,0,0
PLG0122,0,0,0,0,0,0
PLG0123,0,0,0,0,0,0
PLG0124,0,0,0,0,0,0
PLG0125,0,0,0,0,0,0
PLG0126,0,0,0,0,0,0
PLG0127,0,0,0,0,0,0
PLG0128,0,0,0,0,0,0
PLG0129,0,0,0,0,0,0
PLG0130,0,0,0,0,0,0
PLG0131,0,0,0,0,0,0
PLG0132,0,0,0,0,0,0
PLG0133,0,0,0,0,0,0
PLG0134,0,0,0,0,0,0
PLG0135,0,0,0,0,0,0
PLG0136,0,0,0,0,0,0
PLG0137,0,0,0,0,0,0
PLG0138,0,0,0,0,0,0
PLG0139,0,0,0,0,0,0
PLG0140,0,0,0,0,0,0
PLG0141,0,0,0,0,0,0
PLG0142,0,0,0,0,0,0
PLG0143,0,0,0,0,0,0
PLG0144,0,0,0,0,0,0
PLG0145,0,0,0,0,0,0
PLG0146,0,0,0,0,0,0
PLG0147,0,0,0,0,0,0
PLG0148,0,0,0,0,0,0
PLG0149,0,0,0,0,0,0
PLG0150,0,0,0,0,0,0
PLG0151,0,0,0,0,0,0
PLG0152,0,0,0,0,0,0
PLG0153,0,0,0,0,0,0
PLG0154,0,0,0,0,0,0
PLG0155,0,0,0,0,0,0
PLG0156,0,0,0,0,0,0
PLG0157,0,0,0,0,0,0
PLG0158,0,0,0,0,0,0
PLG0159,0,0,0,0,0,0
PLG0160,0,0,0,0,0,0
PLG0161,0,0,0,0,0,0
PLG0162,0,0,0,0,0,0
PLG0163,0,0,0,0,0,0
PLG0164,0,0,0,0,0,0
PLG0165,0,0,0,0,0,0
PLG0166,0,0,0,0,0,0
PLG0167,0,0,0,0,0,0
PLG0168,0,0,0,0,0,0
PLG0169,0,0,0,0,0,0
PLG0170,0,0,0,0,0,0
PLG0171,0,0,0,0,0,0
PLG0172,0,0,0,0,0,0
PLG0173,0,0,0,0,0,0
PLG0174,0,0,0,0,0,0
PLG0175,0,0,0,0,0,0
PLG0176,0,0,0,0,0,0
PLG0177,0,0,0,0,0,0
PLG0178,0,0,0,0,0,0
PLG0179,0,0,0,0,0,0
PLG0180,0,0,0,0,0,0
PLG0181,0,0,0,0,0,0
PLG0182,0,0,0,0,0,0
PLG0183,0,0,0,0,0,0
PLG0184,0,0,0,0,0,0
PLG0185,0,0,0,0,0,0
PLG0186,0,0,0,0,0,0
PLG0187,0,0,0,0,0,0
PLG0188,0,0,0,0,0,0
PLG0189,0,0,0,0,0,0
PLG0190,0,0,0,0,0,0
PLG0191,0,0,0,0,0,0
PLG0192,0,0,0,0,0,0
PLG0193,0,0,0,0,0,0
PLG0194,0,0,0,0,0,0
PLG0195,0,0,0,0,0,0
PLG0196,0,0,0,0,0,0
PLG0197,0,0,0,0,0,0
PLG0198,0,0,0,0,0,0
PLG0199,0,0,0,0,0,0
PLG0200,0,0,0,0,0,0
PLG0201,0,0,0,0,0,0
PLG0202,0,0,0,0,0,0
PLG0203,0,0,0,0,0,0
PLG0204,0,0,0,0,0,0
PLG0205,0,0,0,0,0,0
PLG0206,0,0,0,0,0,0
PLG0207,0,0,0,0,0,0
PLG0208,0,0,0,0,0,0
PLG0209,0,0,0,0,0,0
PLG0210,0,0,0,0,0,0
PLG0211,0,0,0,0,0,0
PLG0212,0,0,0,0,0,0
PLG0213,0,0,0,0,0,0
PLG0214,0,0,0,0,0,0
PLG0215,0,0,0,0,0,0
PLG0216,0,0,0,0,0,0
PLG0217,0,0,0,0,0,0
PLG0218,0,0,0,0,0,0
PLG0219,0,0,0,0,0,0
PLG0220,0,0,0,0,0,0
PLG0221,0,0,0,0,0,0
PLG0222,0,0,0,0,0,0
PLG0223,0,0,0,0,0,0
PLG0224,0,0,0,0,0,0
PLG0225,0,0,0,0,0,0
PLG0226,0,0,0,0,0,0
PLG0227,0,0,0,0,0,0
PLG0228,0,0,0,0,0,0
PLG0229,0,0,0,0,0,0
PLG0230,0,0,0,0,0,0
PLG0231,0,0,0,0,0,0
PLG0232,0,0,0,0,0,0
PLG0233,0,0,0,0,0,0
PLG0234,0,0,0,0,0,0
PLG0235,0,0,0,0,0,0
PLG0236,0,0,0,0,0,0
PLG0237,0,0,0,0,0,0
PLG0238,0,0,0,0,0,0
PLG0239,0,0,0,0,0,0
PLG0240,0,0,0,0,0,0
PLG0241,0,0,0,0,0,0
PLG0242,0,0,0,0,0,0
PLG0243,0,0,0,0,0,0
PLG0244,0,0,0,0,0,0
PLG0245,0,0,0,0,0,0
PLG0246,0,0,0,0,0,0
PLG0247,0,0,0,0,0,0
PLG0248,0,0,0,0,0,0
PLG0249,0,0,0,0,0,0
PLG0250,0,0,0,0,0,0
PLG0251,0,0,0,0,0,0
PLG0252,0,0,0,0,0,0
PLG0253,0,0,0,0,0,0
PLG0254,0,0,0,0,0,0
PLG0255,0,0,0,0,0,0
PLG0256,0,0,0,0,0,0
PLG0257,0,0,0,0,0,0
PLG0258,0,0,0,0,0,0
PLG0259,0,0,0,0,0,0
PLG0260,0,0,0,0,0,0
PLG0261,0,0,0,0,0,0
PLG0262,0,0,0,0,0,0
PLG0263,0,0,0,0,0,0
PLG0264,0,0,0,0,0,0
PLG0265,0,0,0,0,0,0
PLG0266,0,0,0,0,0,0
PLG0267,0,0,0,0,0,0
PLG0268,0,0,0,0,0,0
PLG0269,0,0,0,0,0,0
PLG0270,0,0,0,0,0,0
PLG0271,0,0,0,0,0,0
PLG0272,0,0,0,0,0,0
PLG0273,0,0,0,0,0,0
PLG0274,0,0,0,0,0,0
PLG0275,0,0,0,0,0,0
PLG0276,0,0,0,0,0,0
PLG0277,0,0,0,0,0,0
PLG0278,0,0,0,0,0,0
PLG0279,0,0,0,0,0,0
PLG0280,0,0,0,0,0,0
PLG0281,0,0,0,0,0,0
PLG0282,0,0,0,0,0,0
PLG0283,0,0,0,0,0,0
PLG0284,0,0,0,0,0,0
PLG0285,0,0,0,0,0,0
PLG0286,0,0,0,0,0,0
PLG0287,0,0,0,0,0,0
PLG0288,0,0,0,0,0,0
PLG0289,0,0,0,0,0,0
PLG0290,0,0,0,0,0,0
PLG0291,0,0,0,0,0,0
PLG0292,0,0,0,0,0,0
PLG0293,0,0,0,0,0,0
PLG0294,0,0,0,0,0,0
PLG0295,0,0,0,0,0,0
PLG0296,0,0,0,0,0,0
PLG0297,0,0,0,0,0,0
PLG0298,0,0,0,0,0,0
PLG0299,0,0,0,0,0,0
PLG0300,0,0,0,0,0,0
PLG0301,0,0,0,0,0,0
PLG0302,0,0,0,0,0,0
PLG0303,0,0,0,0,0,0
PLG0304,0,0,0,0,0,0
PLG0305,0,0,0,0,0,0
PLG0306,0,0,0,0,0,0
PLG0307,0,0,0,0,0,0
PLG0308,0,0,0,0,0,0
PLG0309,0,0,0,0,0,0
PLG0310,0,0,0,0,0,0
PLG0311,0,0,0,0,0,0
PLG0312,0,0,0,0,0,0
PLG0313,0,0,0,0,0,0
PLG0314,0,0,0,0,0,0
PLG0315,0,0,0,0,0,0
PLG0316,0,0,0,0,0,0
PLG0317,0,0,0,0,0,0
PLG0318,0,0,0,0,0,0
PLG0319,0,0,0,0,0,0
PLG0320,0,0,0,0,0,0
PLG0321,0,0,0,0,0,0
PLG0322,0,0,0,0,0,0
PLG0323,0,0,0,0,0,0
PLG0324,0,0,0,0,0,0
PLG0325,0,0,0,0,0,0
PLG0326,0,0,0,0,0,0
PLG0327,0,0,0,0,0,0
PLG0328,0,0,0,0,0,0
PLG0329,0,0,0,0,0,0
PLG0330,0,0,0,0,0,0
PLG0331,0,0,0,0,0,0
PLG0332,0,0,0,0,0,0
PLG0333,0,0,0,0,0,0
PLG0334,0,0,0,0,0,0
PLG0335,0,0,0,0,0,0
PLG0336,0,0,0,0,0,0
PLG0338,0,0,0,0,0,0
PLG0339,0,0,0,0,0,0
PLG0340,0,0,0,0,0,0
PLG0341,0,0,0,0,0,0
PLG0342,0,0,0,0,0,0
PLG0343,0,0,0,0,0,0
PLG0344,0,0,0,0,0,0
PLG0345,0,0,0,0,0,0
PLG0346,0,0,0,0,0,0
PLG0347,0,0,0,0,0,0
PLG0348,0,0,0,0,0,0
PLG0349,0,0,0,0,0,0
PLG0350,0,0,0,0,0,0
PLG0351,0,0,0,0,0,0
PLG0352,0,0,0,0,0,0
PLG0353,0,0,0,0,0,0
PLG0354,0,0,0,0,0,0
PLG0355,0,0,0,0,0,0
PLG0356,0,0,0,0,0,0
PLG0357,0,0,0,0,0,0
PLG0358,0,0,0,0,0,0
PLG0359,0,0,0,0,0,0
PLG0360,0,0,0,0,0,0
PLG0361,0,0,0,0,0,0
PLG0362,0,0,0,0,0,0
PLG0363,0,0,0,0,0,0
PLG0364,0,0,0,0,0,0
PLG0365,0,0,0,0,0,0
PLG0366,0,0,0,0,0,0
PLG0367,0,0,0,0,0,0
PLG0368,0,0,0,0,0,0
PLG0369,0,0,0,0,0,0
PLG0370,0,0,0,0,0,0
PLG0371,0,0,0,0,0,0
PLG0372,0,0,0,0,0,0
PLG0373,0,0,0,0,0,0
PLG0374,0,0,0,0,0,0
PLG0375,0,0,0,0,0,0
PLG0376,0,0,0,0,0,0
PLG0377,0,0,0,0,0,0
PLG0378,0,0,0,0,0,0
PLG0379,0,0,0,0,0,0
PLG0380,0,0,0,0,0,0
PLG0381,0,0,0,0,0,0
PLG0382,0,0,0,0,0,0
PLG0383,0,0,0,0,0,0
PLG0384,0,0,0,0,0,0
PLG0385,0,0,0,0,0,0
PLG0386,0,0,0,0,0,0
PLG0387,0,0,0,0,0,0
PLG0388,0,0,0,0,0,0
PLG0389,0,0,0,0,0,0
PLG0390,0,0,0,0,0,0
PLG0391,0,0,0,0,0,0
PLG0392,0,0,0,0,0,0
PLG0393,0,0,0,0,0,0
PLG0394,0,0,0,0,0,0
PLG0395,0,0,0,0,0,0
PLG0396,0,0,0,0,0,0
PLG0397,0,0,0,0,0,0
PLG0398,0,0,0,0,0,0
PLG0399,0,0,0,0,0,0
PLG0400,0,0,0,0,0,0
PLG0401,0,0,0,0,0,0
PLG0402,0,0,0,0,0,0
PLG0403,0,0,0,0,0,0
PLG0404,0,0,0,0,0,0
PLG0405,0,0,0,0,0,0
PLG0406,0,0,0,0,0,0
PLG0407,0,0,0,0,0,0
PLG0408,0,0,0,0,0,0
PLG0409,0,0,0,0,0,0
PLG0410,0,0,0,0,0,0
PLG0411,0,0,0,0,0,0
PLG0412,0,0,0,0,0,0
PLG0413,0,0,0,0,0,0
PLG0414,0,0,0,0,0,0
PLG0415,0,0,0,0,0,0
PLG0416,0,0,0,0,0,0
PLG0417,0,0,0,0,0,0
PLG0418,0,0,0,0,0,0
PLG0419,0,0,0,0,0,0
PLG0420,0,0,0,0,0,0
PLG0421,0,0,0,0,0,0
PLG0422,0,0,0,0,0,0
PLG0423,0,0,0,0,0,0
PLG0424,0,0,0,0,0,0
PLG0425,0,0,0,0,0,0
PLG0426,0,0,0,0,0,0
PLG0427,0,0,0,0,0,0
PLG0428,0,0,0,0,0,0
PLG0429,0,0,0,0,0,0
PLG0430,0,0,0,0,0,0
PLG0431,0,0,0,0,0,0
PLG0432,0,0,0,0,0,0
PLG0433,0,0,0,0,0,0
PLG0434,0,0,0,0,0,0
PLG0435,0,0,0,0,0,0
PLG0436,0,0,0,0,0,0
PLG0437,0,0,0,0,0,0
PLG0438,0,0,0,0,0,0
PLG0439,0,0,0,0,0,0
PLG0440,0,0,0,0,0,0
PLG0441,0,0,0,0,0,0
PLG0442,0,0,0,0,0,0
PLG0443,0,0,0,0,0,0
PLG0444,0,0,0,0,0,0
PLG0445,0,0,0,0,0,0
PLG0446,0,0,0,0,0,0
PLG0447,0,0,0,0,0,0
PLG0448,0,0,0,0,0,0
PLG0449,0,0,0,0,0,0
PLG0450,0,0,0,0,0,0
PLG0451,0,0,0,0,0,0
PLG0452,0,0,0,0,0,0
PLG0453,0,0,0,0,0,0
PLG0454,0,0,0,0,-16890,-16890
PLG0455,0,0,0,0,0,0
PLG0456,0,0,0,0,0,0
PLG0457,0,0,0,0,0,0
PLG0458,0,0,0,0,0,0
PLG0459,0,0,0,0,0,0
PLG0460,0,0,0,0,0,0
PLG0461,0,0,0,0,0,0
PLG0462,0,0,0,0,0,0
PLG0463,0,0,0,0,0,0
PLG0464,0,0,0,0,0,0
PLG0465,0,0,0,0,0,0
PLG0466,0,0,0,0,0,0
PLG0467,0,0,0,0,0,0
PLG0468,0,0,0,0,0,0
PLG0469,0,0,0,0,0,0
PLG0470,0,0,0,0,0,0
PLG0471,0,0,0,0,0,0
PLG0472,0,0,0,0,0,0
PLG0473,0,0,0,0,0,0
PLG0474,0,0,0,0,0,0
PLG0475,0,0,0,0,0,0
PLG0476,0,0,0,0,0,0
PLG0477,0,0,0,0,0,0
PLG0478,0,0,0,0,0,0
PLG0479,0,0,0,0,0,0
PLG0480,0,0,0,0,0,0
PLG0481,0,0,0,0,0,0
PLG0482,0,0,0,0,0,0
PLG0483,0,0,0,0,0,0
PLG0484,0,0,0,0,0,0
PLG0485,0,0,0,0,0,0
PLG0486,0,0,0,0,0,0
PLG0487,0,0,0,0,0,0
PLG0488,0,0,0,0,0,0
PLG0489,0,0,0,0,0,0
PLG0490,0,0,0,0,0,0
PLG0491,0,0,0,0,0,0
PLG0492,0,0,0,0,0,0
PLG0493,0,0,0,0,0,0
PLG0494,0,0,0,0,0,0
PLG0495,0,0,0,0,0,0
PLG0496,0,0,0,0,0,0
PLG0497,0,0,0,0,0,0
PLG0498,0,0,0,0,0,0
PLG0499,0,0,0,0,0,0
PLG0500,0,0,0,0,0,0
PLG0501,0,0,0,0,0,0
PLG0502,0,0,0,0,0,0
PLG0503,0,0,0,0,0,0
PLG0504,0,0,0,0,0,0
PLG0505,0,0,0,0,0,0
PLG0506,0,0,0,0,0,0
PLG0507,0,0,0,0,0,0
PLG0508,0,0,0,0,0,0
PLG0509,0,0,0,0,0,0
PLG0510,0,0,0,0,0,0
PLG0511,0,0,0,0,0,0
PLG0512,0,0,0,0,0,0
PLG0513,0,0,0,0,0,0
PLG0514,0,0,0,0,0,0
PLG0515,0,0,0,0,0,0
PLG0516,0,0,0,0,0,0
PLG0517,0,0,0,0,0,0
PLG0518,0,0,0,0,0,0
PLG0519,0,0,0,0,0,0
PLG0520,0,0,0,0,0,0
PLG0521,0,0,0,0,0,0
PLG0522,0,0,0,0,0,0
PLG0523,0,0,0,0,0,0
PLG0524,0,0,0,0,0,0
PLG0525,0,0,0,0,0,0
PLG0526,0,0,0,0,0,0
PLG0527,0,0,0,0,0,0
PLG0528,0,0,0,0,0,0
PLG0529,0,0,0,0,0,0
PLG0530,0,0,0,0,0,0
PLG0531,0,0,0,0,0,0
PLG0532,0,0,0,0,0,0
PLG0533,0,0,0,0,0,0
PLG0534,0,0,0,0,0,0
PLG0535,0,0,0,0,0,0
PLG0536,0,0,0,0,0,0
PLG0537,0,0,0,0,0,0
PLG0538,0,0,0,0,0,0
PLG0539,0,0,0,0,0,0
PLG0540,0,0,0,0,0,0
PLG0541,0,0,0,0,0,0
PLG0542,0,0,0,0,0,0
PLG0543,0,0,0,0,0,0
PLG0544,0,0,0,0,0,0
PLG0545,0,0,0,0,0,0
PLG0546,0,0,0,0,0,0
PLG0547,0,0,0,0,0,0
PLG0548,0,0,0,0,0,0
PLG0549,0,0,0,0,0,0
PLG0550,0,0,0,0,0,0
PLG0551,0,0,0,0,0,0
PLG0552,0,0,0,0,0,0
PLG0553,0,0,0,0,0,0
PLG0554,0,0,0,0,0,0
PLG0555,0,0,0,0,0,0
PLG0556,0,0,0,0,0,0
PLG0557,0,0,0,0,0,0
PLG0558,0,0,0,0,0,0
PLG0559,0,0,0,0,0,0
PLG0560,0,0,0,0,0,0
PLG0561,0,0,0,0,0,0
PLG0562,0,0,0,0,0,0
PLG0563,0,0,0,0,0,0
PLG0564,0,0,0,0,0,0
PLG0565,0,0,0,0,0,0
PLG0566,0,0,0,0,0,0
PLG0567,0,0,0,0,0,0
PLG0568,0,0,0,0,0,0
PLG0569,0,0,0,0,0,0
PLG0570,0,0,0,0,0,0
PLG0571,0,0,0,0,0,0
PLG0572,0,0,0,0,0,0
PLG0573,0,0,0,0,0,0
PLG0574,0,0,0,0,0,0
PLG0575,0,0,0,0,0,0
PLG0576,0,0,0,0,0,0
PLG0577,0,0,0,0,0,0
PLG0578,0,0,0,0,0,0
PLG0579,0,0,0,0,0,0
PLG0580,0,0,0,0,0,0
PLG0581,0,0,0,0,0,0
PLG0582,0,0,0,0,0,0
PLG0583,0,0,0,0,0,0
PLG0584,0,0,0,0,0,0
PLG0585,0,0,0,0,0,0
PLG0586,0,0,0,0,0,0
PLG0587,0,0,0,0,0,0
PLG0588,0,0,0,0,0,0
PLG0589,0,0,0,0,0,0
PLG0590,0,0,0,0,0,0
PLG0591,0,0,0,0,0,0
PLG0592,0,0,0,0,0,0
PLG0593,0,0,0,0,0,0
PLG0594,0,0,0,0,0,0
PLG0595,0,0,0,0,0,0
PLG0596,0,0,0,0,0,0
PLG0597,0,0,0,0,0,0
PLG0598,0,0,0,0,0,0
PLG0599,0,0,0,0,0,0
PLG0600,0,0,0,0,0,0
PLG0601,0,0,0,0,0,0
PLG0602,0,0,0,0,0,0
PLG0603,0,0,0,0,0,0
PLG0604,0,0,0,0,0,0
PLG0605,0,0,0,0,0,0
PLG0606,0,0,0,0,0,0
PLG0607,0,0,0,0,0,0
PLG0608,0,0,0,0,0,0
PLG0609,0,0,0,0,0,0
PLG0610,0,0,0,0,0,0
PLG0611,0,0,0,0,0,0
PLG0612,0,0,0,0,0,0
PLG0613,0,0,0,0,0,0
PLG0614,0,0,0,0,0,0
PLG0615,0,0,0,0,0,0
PLG0616,0,0,0,0,0,0
PLG0617,0,0,0,0,0,0
PLG0618,0,0,0,0,0,0
PLG0619,0,0,0,0,0,0
PLG0620,0,0,0,0,0,0
PLG0621,0,0,0,0,0,0
PLG0622,0,0,0,0,0,0
PLG0623,0,0,0,0,0,0
PLG0624,0,0,0,0,0,0
PLG0625,0,0,0,0,0,0
PLG0626,0,0,0,0,0,0
PLG0627,0,0,0,0,0,0
PLG0628,0,0,0,0,0,0
PLG0629,0,0,0,0,0,0
PLG0630,0,0,0,0,0,0
PLG0631,0,0,0,0,0,0
PLG0632,0,0,0,0,0,0
PLG0633,0,0,0,0,0,0
PLG0634,0,0,0,0,0,0
PLG0635,0,0,0,0,0,0
PLG0636,0,0,0,0,0,0
PLG0637,0,0,0,0,0,0
PLG0638,0,0,0,0,0,0
PLG0639,0,0,0,0,0,0
PLG0640,0,0,0,0,0,0
PLG0641,0,0,0,0,0,0
PLG0642,0,0,0,0,0,0
PLG0643,0,0,0,0,0,0
PLG0644,0,0,0,0,0,0
PLG0645,0,0,0,0,0,0
PLG0646,0,0,0,0,0,0
PLG0647,0,0,0,0,0,0
PLG0648,0,0,0,0,0,0
PLG0649,0,0,0,0,0,0
PLG0650,0,0,0,0,0,0
PLG0651,0,0,0,0,0,0
PLG0652,0,0,0,0,0,0
PLG0653,0,0,0,0,0,0
PLG0654,0,0,0,0,0,0
PLG0655,0,0,0,0,0,0
PLG0656,0,0,0,0,0,0
PLG0657,0,0,0,0,0,0
PLG0658,0,0,0,0,0,0
PLG0659,0,0,0,0,0,0
PLG0660,0,0,0,0,0,0
PLG0661,0,0,0,0,0,0
PLG0662,0,0,0,0,0,0
PLG0663,0,0,0,0,0,0
PLG0664,0,0,0,0,0,0
PLG0665,0,0,0,0,0,0
PLG0666,0,0,0,0,0,0
PLG0667,0,0,0,0,0,0
PLG0668,0,0,0,0,0,0
PLG0669,0,0,0,0,0,0
PLG0670,0,0,0,0,0,0
PLG0671,0,0,0,0,0,0
PLG0672,0,0,0,0,0,0
PLG0673,0,0,0,0,0,0
PLG0674,0,0,0,0,0,0
PLG0675,0,0,0,0,0,0
PLG0676,0,0,0,0,0,0
PLG0677,0,0,0,0,0,0
PLG0678,0,0,0,0,0,0
PLG0679,0,0,0,0,0,0
PLG0680,0,0,0,0,0,0
PLG0681,0,0,0,0,0,0
PLG0682,0,0,0,0,0,0
PLG0683,0,0,0,0,0,0
PLG0684,0,0,0,0,0,0
PLG0685,0,0,0,0,0,0
PLG0686,0,0,0,0,0,0
PLG0687,0,0,0,0,0,0
PLG0688,0,0,0,0,0,0
PLG0689,0,0,0,0,0,0
PLG0690,0,0,0,0,0,0
PLG0691,0,0,0,0,0,0
PLG0692,0,0,0,0,0,0
PLG0693,0,0,0,0,0,0
PLG0694,0,0,0,0,0,0
PLG0695,0,0,0,0,0,0
PLG0696,0,0,0,0,0,0
PLG0697,0,0,0,0,0,0
PLG0698,0,0,0,0,0,0
PLG0699,0,0,0,0,0,0
PLG0700,0,0,0,0,0,0
PLG0701,0,0,0,0,0,0
PLG0702,0,0,0,0,0,0
PLG0703,0,0,0,0,0,0
PLG0704,0,0,0,0,0,0
PLG0705,0,0,0,0,0,0
PLG0706,0,0,0,0,0,0
PLG0707,0,0,0,0,0,0
PLG0708,0,0,0,0,0,0
PLG0709,0,0,0,0,0,0
PLG0710,0,0,0,0,0,0
PLG0711,0,0,0,0,0,0
PLG0712,0,0,0,0,0,0
PLG0713,0,0,0,0,0,0
PLG0714,0,0,0,0,0,0
PLG0715,0,0,0,0,0,0
PLG0716,0,0,0,0,0,0
PLG0717,0,0,0,0,0,0
PLG0718,0,0,0,0,0,0
PLG0719,0,0,0,0,0,0
PLG0720,0,0,0,0,0,0
PLG0721,0,0,0,0,0,0
PLG0722,0,0,0,0,0,0
PLG0723,0,0,0,0,0,0
PLG0724,0,0,0,0,0,0
PLG0725,0,0,0,0,0,0
PLG0726,0,0,0,0,0,0
PLG0727,0,0,0,0,0,0
PLG0728,0,0,0,0,0,0
PLG0729,0,0,0,0,0,0
PLG0730,0,0,0,0,0,0
PLG0731,0,0,0,0,0,0
PLG0732,0,0,0,0,0,0
PLG0733,0,0,0,0,0,0
PLG0734,0,0,0,0,0,0
PLG0735,0,0,0,0,0,0
PLG0736,0,0,0,0,0,0
PLG0737,0,0,0,0,0,0
PLG0738,0,0,0,0,0,0
PLG0739,0,0,0,0,0,0
PLG0740,0,0,0,0,0,0
PLG0741,0,0,0,0,0,0
PLG0742,0,0,0,0,0,0
PLG0743,0,0,0,0,0,0
PLG0744,0,0,0,0,0,0
PLG0745,0,0,0,0,0,0
PLG0746,0,0,0,0,0,0
PLG0747,0,0,0,0,0,0
PLG0748,0,0,0,0,0,0
PLG0749,0,0,0,0,0,0
PLG0750,0,0,0,0,0,0
PLG0751,0,0,0,0,0,0
PLG0752,0,0,0,0,0,0
PLG0753,0,0,0,0,0,0
PLG0754,0,0,0,0,0,0
PLG0755,0,0,0,0,0,0
PLG0756,0,0,0,0,0,0
PLG0757,0,0,0,0,0,0
PLG0758,0,0,0,0,0,0
PLG0759,0,0,0,0,0,0
PLG0760,0,0,0,0,0,0
PLG0761,0,0,0,0,0,0
PLG0762,0,0,0,0,0,0
PLG0763,0,0,0,0,0,0
PLG0764,0,0,0,0,0,0
PLG0765,0,0,0,0,0,0
PLG0766,0,0,0,0,0,0
PLG0767,0,0,0,0,0,0
PLG0768,0,0,0,0,0,0
PLG0769,0,0,0,0,0,0
PLG0770,0,0,0,0,0,0
PLG0771,0,0,0,0,0,0
PLG0772,0,0,0,0,0,0
PLG0773,0,0,0,0,0,0
PLG0774,0,0,0,0,0,0
PLG0775,0,0,0,0,0,0
PLG0776,0,0,0,0,0,0
PLG0777,0,0,0,0,0,0
PLG0778,0,0,0,0,0,0
PLG0779,0,0,0,0,0,0
PLG0780,0,0,0,0,0,0
PLG0781,0,0,0,0,-1276552,-1276552
PLG0782,0,0,0,0,-2208759,-2208759
PLG0783,0,0,0,0,0,0
PLG0784,0,0,0,0,0,0
PLG0785,0,0,0,0,0,0
PLG0786,0,0,0,0,0,0
PLG0787,0,0,0,0,0,0
PLG0788,0,0,0,0,0,0
PLG0789,0,0,0,0,0,0
PLG0790,0,0,0,0,0,0
PLG0791,0,0,0,0,0,0
PLG0792,0,0,0,0,0,0
PLG0793,0,0,0,0,0,0
PLG0794,0,0,0,0,0,0
PLG0795,0,0,0,0,0,0
PLG0796,0,0,0,0,0,0
PLG0797,0,0,0,0,0,0
PLG0798,0,0,0,0,0,0
PLG0799,0,0,0,0,0,0
PLG0800,0,0,0,0,0,0
PLG0801,0,0,0,0,0,0
PLG0802,0,0,0,0,0,0
PLG0803,0,0,0,0,0,0
PLG0804,0,0,0,0,0,0
PLG0805,0,0,0,0,0,0
PLG0806,0,0,0,0,0,0
PLG0807,0,0,0,0,0,0
PLG0808,0,0,0,0,0,0
PLG0809,0,0,0,0,0,0
PLG0810,0,0,0,0,0,0
PLG0811,0,0,0,0,0,0
PLG0812,0,0,0,0,0,0
PLG0813,0,0,0,0,0,0
PLG0814,0,0,0,0,0,0
PLG0815,0,0,0,0,0,0
PLG0816,0,0,0,0,0,0
PLG0817,0,0,0,0,0,0
PLG0818,0,0,0,0,0,0
PLG0819,0,0,0,0,0,0
PLG0820,0,0,0,0,0,0
PLG0821,0,0,0,0,0,0
PLG0822,0,0,0,0,0,0
PLG0823,0,0,0,0,0,0
PLG0824,0,0,0,0,0,0
PLG0825,0,0,0,0,0,0
PLG0826,0,0,0,0,0,0
PLG0827,0,0,0,0,0,0
PLG0828,0,0,0,0,0,0
PLG0829,0,0,0,0,0,0
PLG0830,0,0,0,0,0,0
PLG0831,0,0,0,0,0,0
PLG0832,0,0,0,0,0,0
PLG0833,0,0,0,0,0,0
PLG0834,0,0,0,0,0,0
PLG0835,0,0,0,0,0,0
PLG0836,0,0,0,0,0,0
PLG0837,0,0,0,0,0,0
PLG0838,0,0,0,0,0,0
PLG0839,0,0,0,0,0,0
PLG0840,0,0,0,0,0,0
PLG0841,0,0,0,0,0,0
PLG0842,0,0,0,0,0,0
PLG0843,0,0,0,0,0,0
PLG0844,0,0,0,0,0,0
PLG0845,0,0,0,0,0,0
PLG0846,0,0,0,0,0,0
PLG0847,0,0,0,0,0,0
PLG0848,0,0,0,0,0,0
PLG0849,0,0,0,0,0,0
PLG0850,0,0,0,0,0,0
PLG0851,0,0,0,0,0,0
PLG0852,0,0,0,0,0,0
PLG0853,0,0,0,0,0,0
PLG0854,0,0,0,0,0,0
PLG0855,0,0,0,0,0,0
PLG0856,0,0,0,0,0,0
PLG0857,0,0,0,0,0,0
PLG0858,0,0,0,0,0,0
PLG0859,0,0,0,0,0,0
PLG0860,0,0,0,0,0,0
PLG0861,0,0,0,0,0,0
PLG0862,0,0,0,0,0,0
PLG0863,0,0,0,0,0,0
PLG0864,0,0,0,0,0,0
PLG0865,0,0,0,0,0,0
PLG0866,0,0,0,0,0,0
PLG0867,0,0,0,0,0,0
PLG0868,0,0,0,0,0,0
PLG0869,0,0,0,0,0,0
PLG0870,0,0,0,0,0,0
PLG0871,0,0,0,0,0,0
PLG0872,0,0,0,0,0,0
PLG0873,0,0,0,0,0,0
PLG0874,0,0,0,0,0,0
PLG0875,0,0,0,0,0,0
PLG0876,0,0,0,0,0,0
PLG0877,0,0,0,0,0,0
PLG0878,0,0,0,0,0,0
PLG0879,0,0,0,0,0,0
PLG0880,0,0,0,0,0,0
PLG0881,0,0,0,0,0,0
PLG0882,0,0,0,0,0,0
PLG0883,0,0,0,0,0,0
PLG0884,0,0,0,0,0,0
PLG0885,0,0,0,0,0,0
PLG0886,0,0,0,0,0,0
PLG0887,0,0,0,0,0,0
PLG0888,0,0,0,0,0,0
PLG0889,0,0,0,0,0,0
PLG0890,0,0,0,0,0,0
PLG0891,0,0,0,0,0,0
PLG0892,0,0,0,0,0,0
PLG0893,0,0,0,0,0,0
PLG0894,0,0,0,0,0,0
PLG0895,0,0,0,0,0,0
PLG0896,0,0,0,0,0,0
PLG0897,0,0,0,0,0,0
PLG0898,0,0,0,0,0,0
PLG0899,0,0,0,0,0,0
PLG0900,0,0,0,0,0,0
PLG0901,0,0,0,0,0,0
PLG0902,0,0,0,0,0,0
PLG0903,0,0,0,0,0,0
PLG0904,0,0,0,0,0,0
PLG0905,0,0,0,0,0,0
PLG0906,0,0,0,0,0,0
PLG0907,0,0,0,0,0,0
PLG0908,0,0,0,0,0,0
PLG0909,0,0,0,0,0,0
PLG0910,0,0,0,0,0,0
PLG0911,0,0,0,0,0,0
PLG0912,0,0,0,0,0,0
PLG0913,0,0,0,0,0,0
PLG0914,0,0,0,0,0,0
PLG0915,0,0,0,0,0,0
PLG0916,0,0,0,0,0,0
PLG0917,0,0,0,0,0,0
PLG0918,0,0,0,0,0,0
PLG0919,0,0,0,0,0,0
PLG0920,0,0,0,0,0,0
PLG0921,0,0,0,0,0,0
PLG0922,0,0,0,0,0,0
PLG0923,0,0,0,0,0,0
PLG0924,0,0,0,0,0,0
PLG0925,0,0,0,0,0,0
PLG0926,0,0,0,0,0,0
PLG0927,0,0,0,0,0,0
PLG0928,0,0,0,0,0,0
PLG0929,0,0,0,0,0,0
PLG0930,0,0,0,0,0,0
PLG0931,0,0,0,0,0,0
PLG0932,0,0,0,0,0,0
PLG0933,0,0,0,0,0,0
PLG0934,0,0,0,0,0,0
PLG0935,0,0,0,0,0,0
PLG0936,0,0,0,0,0,0
PLG0937,0,0,0,0,0,0
PLG0938,0,0,0,0,0,0
PLG0939,0,0,0,0,0,0
PLG0940,0,0,0,0,0,0
PLG0941,0,0,0,0,0,0
PLG0942,0,0,0,0,0,0
PLG0943,0,0,0,0,0,0
PLG0944,0,0,0,0,0,0
PLG0945,0,0,0,0,0,0
PLG0946,0,0,0,0,0,0
PLG0947,0,0,0,0,0,0
PLG0948,0,0,0,0,0,0
PLG0949,0,0,0,0,0,0
PLG0950,0,0,0,0,0,0
PLG0951,0,0,0,0,0,0
PLG0952,0,0,0,0,0,0
PLG0953,0,0,0,0,0,0
PLG0954,0,0,0,0,0,0
PLG0955,0,0,0,0,0,0
PLG0956,0,0,0,0,0,0
PLG0957,0,0,0,0,0,0
PLG0958,0,0,0,0,0,0
PLG0959,0,0,0,0,0,0
PLG0960,0,0,0,0,0,0
PLG0961,0,0,0,0,0,0
PLG0962,0,0,0,0,0,0
PLG0963,0,0,0,0,0,0
PLG0964,0,0,0,0,0,0
PLG0965,0,0,0,0,0,0
PLG0966,0,0,0,0,0,0
PLG0967,0,0,0,0,0,0
PLG0968,0,0,0,0,0,0
PLG0969,0,0,0,0,0,0
PLG0970,0,0,0,0,0,0
PLG0971,0,0,0,0,0,0
PLG0972,0,0,0,0,0,0
PLG0973,0,0,0,0,0,0
PLG0974,0,0,0,0,0,0
PLG0975,0,0,0,0,0,0
PLG0976,0,0,0,0,0,0
PLG0977,0,0,0,0,0,0
PLG0978,0,0,0,0,0,0
PLG0979,0,0,0,0,0,0
PLG0980,0,0,0,0,0,0
PLG0981,0,0,0,0,0,0
PLG0982,0,0,0,0,0,0
PLG0983,0,0,0,0,0,0
PLG0984,0,0,0,0,0,0
PLG0985,0,0,0,0,0,0
PLG0986,0,0,0,0,0,0
PLG0987,0,0,0,0,0,0
PLG0988,0,0,0,0,0,0
PLG0989,0,0,0,0,0,0
PLG0990,0,0,0,0,0,0
PLG0991,0,0,0,0,0,0
PLG0992,0,0,0,0,0,0
PLG0993,0,0,0,0,0,0
PLG0994,0,0,0,0,0,0
PLG0995,0,0,0,0,0,0
PLG0996,0,0,0,0,0,0
PLG0997,0,0,0,0,0,0
PLG0998,0,0,0,0,0,0
PLG0999,0,0,0,0,0,0
PLG1000,0,0,0,0,0,0
PLG1001,0,0,0,0,0,0
PLG1002,0,0,0,0,0,0
PLG1003,0,0,0,0,0,0
PLG1004,0,0,0,0,0,0
PLG1005,0,0,0,0,0,0
PLG1006,0,0,0,0,0,0
PLG1007,0,0,0,0,0,0
PLG1008,0,0,0,0,0,0
PLG1009,0,0,0,0,0,0
PLG1010,0,0,0,0,0,0
PLG1011,0,0,0,0,0,0
PLG1012,0,0,0,0,0,0
PLG1013,0,0,0,0,0,0
PLG1014,0,0,0,0,0,0
PLG1015,0,0,0,0,0,0
PLG1016,0,0,0,0,0,0
PLG1017,0,0,0,0,0,0
PLG1018,0,0,0,0,0,0
PLG1019,0,0,0,0,0,0
PLG1020,0,0,0,0,0,0
PLG1021,0,0,0,0,0,0
PLG1022,0,0,0,0,0,0
PLG1023,0,0,0,0,0,0
PLG1024,0,0,0,0,0,0
PLG1025,0,0,0,0,0,0
PLG1026,0,0,0,0,0,0
PLG1027,0,0,0,0,0,0
PLG1028,0,0,0,0,0,0
PLG1029,0,0,0,0,0,0
PLG1030,0,0,0,0,0,0
PLG1031,0,0,0,0,0,0
PLG1032,0,0,0,0,0,0
PLG1033,0,0,0,0,0,0
PLG1034,0,0,0,0,0,0
PLG1035,0,0,0,0,0,0
PLG1036,0,0,0,0,0,0
PLG1037,0,0,0,0,0,0
PLG1038,0,0,0,0,0,0
PLG1039,0,0,0,0,0,0
PLG1040,0,0,0,0,0,0
PLG1041,0,0,0,0,0,0
PLG1042,0,0,0,0,0,0
PLG1043,0,0,0,0,0,0
PLG1044,0,0,0,0,0,0
PLG1045,0,0,0,0,0,0
PLG1046,0,0,0,0,0,0
PLG1047,0,0,0,0,0,0
PLG1048,0,0,0,0,0,0
PLG1049,0,0,0,0,0,0
PLG1050,0,0,0,0,0,0
PLG1051,0,0,0,0,0,0
PLG1052,0,0,0,0,0,0
PLG1053,0,0,0,0,0,0
PLG1054,0,0,0,0,0,0
PLG1055,0,0,0,0,0,0
PLG1056,0,0,0,0,0,0
PLG1057,0,0,0,0,0,0
PLG1058,0,0,0,0,0,0
PLG1059,0,0,0,0,0,0
PLG1060,0,0,0,0,0,0
PLG1061,0,0,0,0,0,0
PLG1062,0,0,0,0,0,0
PLG1063,0,0,0,0,0,0
PLG1064,0,0,0,0,0,0
PLG1065,0,0,0,0,0,0
PLG1066,0,0,0,0,0,0
PLG1067,0,0,0,0,0,0
PLG1068,0,0,0,0,0,0
PLG1069,0,0,0,0,0,0
PLG1070,0,0,0,0,0,0
PLG1071,0,0,0,0,0,0
PLG1072,0,0,0,0,0,0
PLG1073,0,0,0,0,0,0
PLG1074,0,0,0,0,0,0
PLG1075,0,0,0,0,0,0
PLG1076,0,0,0,0,0,0
PLG1077,0,0,0,0,0,0
PLG1078,0,0,0,0,0,0
PLG1079,0,0,0,0,0,0
PLG1080,0,0,0,0,0,0
PLG1081,0,0,0,0,0,0
PLG1082,0,0,0,0,0,0
PLG1083,0,0,0,0,0,0
PLG1084,0,0,0,0,0,0
PLG1085,0,0,0,0,0,0
PLG1086,0,0,0,0,0,0
PLG1087,0,0,0,0,0,0
PLG1088,0,0,0,0,0,0
PLG1089,0,0,0,0,0,0
PLG1090,0,0,0,0,0,0
PLG1091,0,0,0,0,0,0
PLG1092,0,0,0,0,0,0
PLG1093,0,0,0,0,0,0
PLG1094,0,0,0,0,0,0
PLG1095,0,0,0,0,0,0
PLG1096,0,0,0,0,0,0
PLG1097,0,0,0,0,0,0
PLG1098,0,0,0,0,0,0
PLG1099,0,0,0,0,0,0
PLG1100,0,0,0,0,0,0
PLG1101,0,0,0,0,0,0
PLG1102,0,0,0,0,0,0
PLG1103,0,0,0,0,0,0
PLG1104,0,0,0,0,0,0
PLG1105,0,0,0,0,0,0
PLG1106,0,0,0,0,0,0
PLG1107,0,0,0,0,0,0
PLG1108,0,0,0,0,0,0
PLG1109,0,0,0,0,0,0
PLG1110,0,0,0,0,0,0
PLG1111,0,0,0,0,0,0
PLG1112,0,0,0,0,0,0
PLG1113,0,0,0,0,0,0
PLG1114,0,0,0,0,0,0
PLG1115,0,0,0,0,0,0
PLG1116,0,0,0,0,0,0
PLG1117,0,0,0,0,0,0
PLG1118,0,0,0,0,0,0
PLG1119,0,0,0,0,0,0
PLG1120,0,0,0,0,0,0
PLG1121,0,0,0,0,0,0
PLG1122,0,0,0,0,0,0
PLG1123,0,0,0,0,0,0
PLG1124,0,0,0,0,0,0
PLG1125,0,0,0,0,0,0
PLG1126,0,0,0,0,0,0
PLG1127,0,0,0,0,0,0
PLG1128,0,0,0,0,0,0
PLG1129,0,0,0,0,0,0
PLG1130,0,0,0,0,0,0
PLG1131,0,0,0,0,0,0
PLG1132,0,0,0,0,0,0
PLG1133,0,0,0,0,0,0
PLG1134,0,0,0,0,0,0
PLG1135,0,0,0,0,0,0
PLG1136,0,0,0,0,0,0
PLG1137,0,0,0,0,0,0
PLG1138,0,0,0,0,0,0
PLG1139,0,0,0,0,0,0
PLG1140,0,0,0,0,0,0
PLG1141,0,0,0,0,0,0
PLG1142,0,0,0,0,0,0
PLG1143,0,0,0,0,0,0
PLG1144,0,0,0,0,0,0
PLG1145,0,0,0,0,0,0
PLG1146,0,0,0,0,0,0
PLG1147,0,0,0,0,0,0
PLG1148,0,0,0,0,0,0
PLG1149,0,0,0,0,0,0
PLG1150,0,0,0,0,0,0
PLG1151,0,0,0,0,0,0
PLG1152,0,0,0,0,0,0
PLG1153,0,0,0,0,0,0
PLG1154,0,0,0,0,0,0
PLG1155,0,0,0,0,0,0
PLG1156,0,0,0,0,0,0
PLG1157,0,0,0,0,0,0
PLG1158,0,0,0,0,0,0
PLG1159,0,0,0,0,0,0
PLG1160,0,0,0,0,0,0
PLG1161,0,0,0,0,0,0
PLG1162,0,0,0,0,0,0
PLG1163,0,0,0,0,0,0
PLG1164,0,0,0,0,0,0
PLG1165,0,0,0,0,0,0
PLG1166,0,0,0,0,0,0
PLG1167,0,0,0,0,0,0
PLG1168,0,0,0,0,0,0
PLG1169,0,0,0,0,0,0
PLG1170,0,0,0,0,0,0
PLG1171,0,0,0,0,0,0
PLG1172,0,0,0,0,0,0
PLG1173,0,0,0,0,0,0
PLG1174,0,0,0,0,0,0
PLG1175,0,0,0,0,0,0
PLG1176,0,0,0,0,0,0
PLG1177,0,0,0,0,0,0
PLG1178,0,0,0,0,0,0
PLG1179,0,0,0,0,0,0
PLG1180,0,0,0,0,0,0
PLG1181,0,0,0,0,0,0
PLG1182,0,0,0,0,0,0
PLG1183,0,0,0,0,0,0
PLG1184,0,0,0,0,0,0
PLG1185,0,0,0,0,0,0
PLG1186,0,0,0,0,0,0
PLG1187,0,0,0,0,0,0
PLG1188,0,0,0,0,0,0
PLG1189,0,0,0,0,0,0
PLG1190,0,0,0,0,-1463693,-1463693
PLG1191,0,0,0,0,0,0
PLG1192,0,0,0,0,0,0
PLG1193,0,0,0,0,0,0
PLG1194,0,0,0,0,0,0
PLG1195,0,0,0,0,0,0
PLG1196,0,0,0,0,-2670549,-2670549
PLG1197,0,0,0,0,0,0
PLG1198,0,0,0,0,0,0
PLG1199,0,0,0,0,0,0
PLG1200,0,0,0,0,0,0
PLG1201,0,0,0,0,1629754,1629754
PLG1203,0,0,0,0,0,0
PLG1204,0,0,0,0,0,0
PLG1205,0,0,0,0,0,0
PLG1206,0,0,0,0,0,0
PLG1207,0,0,0,0,0,0
PLG1208,0,0,0,0,0,0
PLG1209,0,0,0,0,0,0
PLG1210,0,0,0,0,0,0
PLG1211,0,0,0,0,0,0
PLG1212,0,0,0,0,0,0
PLG1213,0,0,0,0,0,0
PLG1214,0,0,0,0,0,0
PLG1215,0,0,0,0,0,0
PLG1216,0,0,0,0,0,0
PLG1217,0,0,0,0,0,0
PLG1218,0,0,0,0,0,0
PLG1219,0,0,0,0,0,0
PLG1220,0,0,0,0,0,0
PLG1221,0,0,0,0,0,0
PLG1222,0,0,0,0,-1382625,-1382625
PLG1223,0,0,0,0,-2188260,-2188260
PLG1224,0,0,0,0,0,0
PLG1225,0,0,0,0,0,0
PLG1226,0,0,0,0,0,0
PLG1227,0,0,0,0,0,0
PLG1228,0,0,0,0,0,0
PLG1229,0,0,0,0,0,0
PLG1230,0,0,0,0,0,0
PLG1231,0,0,0,0,0,0
PLG1232,0,0,0,0,0,0
PLG1233,0,0,0,0,0,0
PLG1234,0,0,0,0,0,0
PLG1235,0,0,0,0,0,0
PLG1236,0,0,0,0,0,0
PLG1237,0,0,0,0,0,0
PLG1238,0,0,0,0,0,0
PLG1239,0,0,0,0,0,0
PLG1240,0,0,0,0,0,0
PLG1241,0,0,0,0,0,0
PLG1242,0,0,0,0,0,0
PLG1243,0,0,0,0,0,0
PLG1244,0,0,0,0,-12605424,-12605424
PLG1245,0,0,0,0,0,0
PLG1246,0,0,0,0,0,0
PLG1247,0,0,0,0,0,0
PLG1248,0,0,0,0,0,0
PLG1249,0,0,0,0,0,0
PLG1250,0,0,0,0,0,0
PLG1251,0,0,0,0,0,0
PLG1252,0,0,0,0,0,0
PLG1253,0,0,0,0,0,0
PLG1254,0,0,0,0,0,0
PLG1255,0,0,0,0,0,0
PLG1256,0,0,0,0,0,0
PLG1257,0,0,0,0,0,0
PLG1258,0,0,0,0,0,0
PLG1259,0,0,0,0,0,0
PLG1260,0,0,0,0,0,0
PLG1261,0,0,0,0,0,0
PLG1262,0,0,0,0,0,0
PLG1263,0,0,0,0,0,0
PLG1264,0,0,0,0,0,0
PLG1265,0,0,0,0,0,0
PLG1266,0,0,0,0,0,0
PLG1267,0,0,0,0,0,0
PLG1268,0,0,0,0,0,0
PLG1269,0,0,0,0,0,0
PLG1270,0,0,0,0,0,0
PLG1271,0,0,0,0,0,0
PLG1272,0,0,0,0,0,0
PLG1273,0,0,0,0,0,0
PLG1274,0,0,0,0,0,0
PLG1275,0,0,0,0,0,0
PLG1276,0,0,0,0,0,0
PLG1277,0,0,0,0,0,0
PLG1278,0,0,0,0,0,0
PLG1279,0,0,0,0,187769,187769
PLG1280,0,0,0,0,0,0
PLG1281,0,0,0,0,0,0
PLG1282,0,0,0,0,0,0
PLG1283,0,0,0,0,0,0
PLG1284,0,0,0,0,0,0
PLG1285,0,0,0,0,0,0
PLG1286,0,0,0,0,0,0
PLG1287,0,0,0,0,0,0
PLG1288,0,0,0,0,0,0
PLG1289,0,0,0,0,0,0
PLG1290,0,0,0,0,0,0
PLG1291,0,0,0,0,0,0
PLG1292,0,0,0,0,0,0
PLG1293,0,0,0,0,0,0
PLG1294,0,0,0,0,0,0
PLG1295,0,0,0,0,0,0
PLG1296,0,0,0,0,-2963426,-2963426
PLG1297,0,0,0,0,0,0
PLG1298,0,0,0,0,0,0
PLG1299,0,0,0,0,0,0
PLG1300,0,0,0,0,0,0
PLG1301,0,0,0,0,0,0
PLG1302,0,0,0,0,0,0
PLG1303,0,0,0,0,0,0
PLG1304,0,0,0,0,0,0
PLG1306,0,0,0,0,0,0
PLG1307,0,0,0,0,0,0
PLG1308,0,0,0,0,0,0
PLG1309,0,0,0,0,0,0
PLG1310,0,0,0,0,0,0
PLG1311,0,0,0,0,0,0
PLG1312,0,0,0,0,0,0
PLG1313,0,0,0,0,0,0
PLG1314,0,0,0,0,0,0
PLG1315,0,0,0,0,0,0
PLG1316,0,0,0,0,0,0
PLG1317,0,0,0,0,0,0
PLG1318,0,0,0,0,0,0
PLG1319,0,0,0,0,0,0
PLG1320,0,0,0,0,0,0
PLG1321,0,0,0,0,0,0
PLG1322,0,0,0,0,0,0
PLG1323,0,0,0,0,0,0
PLG1324,0,0,0,0,0,0
PLG1325,0,0,0,0,0,0
PLG1326,0,0,0,0,0,0
PLG1327,0,0,0,0,0,0
PLG1328,0,0,0,0,0,0
PLG1329,0,0,0,0,0,0
PLG1330,0,0,0,0,-999940,-999940
PLG1331,0,0,0,0,0,0
PLG1332,0,0,0,0,0,0
PLG1333,0,0,0,0,0,0
PLG1334,0,0,0,0,-25544067,-25544067
PLG1335,0,0,0,0,0,0
PLG1336,0,0,0,0,0,0
PLG1337,0,0,0,0,0,0
PLG1338,0,0,0,0,0,0
PLG1339,0,0,0,0,0,0
PLG1340,0,0,0,0,0,0
PLG1341,0,0,0,0,0,0
PLG1342,0,0,0,0,0,0
PLG1343,0,0,0,0,0,0
PLG1344,0,0,0,0,0,0
PLG1345,0,0,0,0,0,0
PLG1346,0,0,0,0,0,0
PLG1347,0,0,0,0,0,0
PLG1348,0,0,0,0,0,0
PLG1349,0,0,0,0,0,0
PLG1350,0,0,0,0,-1060868,-1060868
PLG1351,0,0,0,0,-973199,-973199
PLG1352,0,0,0,0,0,0
PLG1353,0,0,0,0,0,0
PLG1354,0,0,0,0,0,0
PLG1355,0,0,0,0,0,0
PLG1356,0,0,0,0,0,0
PLG1357,0,0,0,0,0,0
PLG1358,0,0,0,0,0,0
PLG1359,0,0,0,0,0,0
PLG1360,0,0,0,0,0,0
PLG1361,0,0,0,0,0,0
PLG1362,0,0,0,0,0,0
PLG1363,0,0,0,0,0,0
PLG1364,0,0,0,0,0,0
PLG1365,0,0,0,0,0,0
PLG1366,0,0,0,0,0,0
PLG1367,0,0,0,0,0,0
PLG1368,0,0,0,0,0,0
PLG1369,0,0,0,0,0,0
PLG1370,0,0,0,0,0,0
PLG1371,0,0,0,0,0,0
PLG1372,0,0,0,0,0,0
PLG1373,0,0,0,0,0,0
PLG1374,0,0,0,0,0,0
PLG1375,0,0,0,0,0,0
PLG1376,0,0,0,0,0,0
PLG1377,0,0,0,0,0,0
PLG1378,0,0,0,0,0,0
PLG1379,0,0,0,0,0,0
PLG1380,0,0,0,0,0,0
PLG1381,0,0,0,0,0,0
PLG1382,0,0,0,0,0,0
PLG1383,0,0,0,0,0,0
PLG1384,0,0,0,0,0,0
PLG1385,0,0,0,0,0,0
PLG1386,0,0,0,0,0,0
PLG1387,0,0,0,0,0,0
PLG1388,0,0,0,0,0,0
PLG1389,0,0,0,0,0,0
PLG1390,0,0,0,0,0,0
PLG1391,0,0,0,0,0,0
PLG1392,0,0,0,0,0,0
PLG1393,0,0,0,0,0,0
PLG1394,0,0,0,0,0,0
PLG1395,0,0,0,0,0,0
PLG1396,0,0,0,0,0,0
PLG1397,0,0,0,0,0,0
PLG1398,0,0,0,0,0,0
PLG1399,0,0,0,0,0,0
PLG1400,0,0,0,0,0,0
PLG1401,0,0,0,0,0,0
PLG1402,0,0,0,0,0,0
PLG1403,0,0,0,0,0,0
PLG1404,0,0,0,0,0,0
PLG1405,0,0,0,0,0,0
PLG1406,0,0,0,0,0,0
PLG1407,0,0,0,0,0,0
PLG1408,0,0,0,0,0,0
PLG1409,0,0,0,0,0,0
PLG1410,0,0,0,0,0,0
PLG1411,0,0,0,0,0,0
PLG1412,0,0,0,0,0,0
PLG1413,0,0,0,0,0,0
PLG1414,0,0,0,0,0,0
PLG1415,0,0,0,0,0,0
PLG1416,0,0,0,0,0,0
PLG1417,0,0,0,0,0,0
PLG1418,0,0,0,0,0,0
PLG1419,0,0,0,0,0,0
PLG1420,0,0,0,0,0,0
PLG1421,0,0,0,0,0,0
PLG1422,0,0,0,0,0,0
PLG1423,0,0,0,0,0,0
PLG1424,0,0,0,0,0,0
PLG1425,0,0,0,0,0,0
PLG1426,0,0,0,0,0,0
PLG1427,0,0,0,0,0,0
PLG1428,0,0,0,0,0,0
PLG1429,0,0,0,0,0,0
PLG1430,0,0,0,0,0,0
PLG1431,0,0,0,0,0,0
PLG1432,0,0,0,0,0,0
PLG1433,0,0,0,0,0,0
PLG1434,0,0,0,0,0,0
PLG1435,0,0,0,0,0,0
PLG1436,0,0,0,0,0,0
PLG1437,0,0,0,0,0,0
PLG1438,0,0,0,0,0,0
PLG1439,0,0,0,0,0,0
PLG1440,0,0,0,0,0,0
PLG1441,0,0,0,0,0,0
PLG1442,0,0,0,0,0,0
PLG1443,0,0,0,0,0,0
PLG1444,0,0,0,0,0,0
PLG1445,0,0,0,0,0,0
PLG1446,0,0,0,0,0,0
PLG1447,0,0,0,0,0,0
PLG1448,0,0,0,0,0,0
PLG1449,0,0,0,0,0,0
PLG1450,0,0,0,0,0,0
PLG1451,0,0,0,0,0,0
PLG1452,0,0,0,0,0,0
PLG1453,0,0,0,0,0,0
PLG1454,0,0,0,0,0,0
PLG1455,0,0,0,0,0,0
PLG1456,0,0,0,0,0,0
PLG1457,0,0,0,0,0,0
PLG1458,0,0,0,0,0,0
PLG1459,0,0,0,0,0,0
PLG1460,0,0,0,0,0,0
PLG1461,0,0,0,0,0,0
PLG1462,0,0,0,0,0,0
PLG1463,0,0,0,0,0,0
PLG1464,0,0,0,0,0,0
PLG1465,0,0,0,0,0,0
PLG1466,0,0,0,0,0,0
PLG1467,0,0,0,0,0,0
PLG1468,0,0,0,0,0,0
PLG1469,0,0,0,0,0,0
PLG1470,0,0,0,0,0,0
PLG1471,0,0,0,0,0,0
PLG1472,0,0,0,0,0,0
PLG1473,0,0,0,0,0,0
PLG1474,0,0,0,0,0,0
PLG1475,0,0,0,0,0,0
PLG1476,0,0,0,0,0,0
PLG1477,0,0,0,0,0,0
PLG1478,0,0,0,0,0,0
PLG1479,0,0,0,0,0,0
PLG1480,0,0,0,0,0,0
PLG1481,0,0,0,0,0,0
PLG1482,0,0,0,0,0,0
PLG1483,0,0,0,0,0,0
PLG1484,0,0,0,0,0,0
PLG1485,0,0,0,0,0,0
PLG1486,0,0,0,0,0,0
PLG1487,0,0,0,0,0,0
PLG1488,0,0,0,0,0,0
PLG1489,0,0,0,0,0,0
PLG1490,0,0,0,0,0,0
PLG1491,0,0,0,0,0,0
PLG1492,0,0,0,0,0,0
PLG1493,0,0,0,0,0,0
PLG1494,0,0,0,0,0,0
PLG1495,0,0,0,0,0,0
PLG1496,0,0,0,0,0,0
PLG1497,0,0,0,0,0,0
PLG1498,0,0,0,0,0,0
PLG1499,0,0,0,0,0,0
PLG1500,0,0,0,0,0,0
PLG1501,0,0,0,0,0,0
PLG1502,0,0,0,0,0,0
PLG1503,0,0,0,0,0,0
PLG1504,0,0,0,0,0,0
PLG1505,0,0,0,0,0,0
PLG1506,0,0,0,0,0,0
PLG1507,0,0,0,0,0,0
PLG1508,0,0,0,0,0,0
PLG1509,0,0,0,0,0,0
PLG1510,0,0,0,0,0,0
PLG1511,0,0,0,0,0,0
PLG1512,0,0,0,0,0,0
PLG1513,0,0,0,0,0,0
PLG1514,0,0,0,0,0,0
PLG1515,0,0,0,0,0,0
PLG1516,0,0,0,0,0,0
PLG1517,0,0,0,0,0,0
PLG1518,0,0,0,0,0,0
PLG1519,0,0,0,0,0,0
PLG1520,0,0,0,0,-95040,-95040
PLG1521,0,0,0,0,0,0
PLG1522,0,0,0,0,0,0
PLG1523,0,0,0,0,0,0
PLG1524,0,0,0,0,0,0
PLG1525,0,0,0,0,0,0
PLG1526,0,0,0,0,0,0
PLG1527,0,0,0,0,0,0
PLG1528,0,0,0,0,0,0
PLG1529,0,0,0,0,0,0
PLG1530,0,0,0,0,0,0
PLG1531,0,0,0,0,0,0
PLG1532,0,0,0,0,0,0
PLG1533,0,0,0,0,0,0
PLG1534,0,0,0,0,0,0
PLG1535,0,0,0,0,0,0
PLG1536,0,0,0,0,0,0
PLG1537,0,0,0,0,0,0
PLG1538,0,0,0,0,0,0
PLG1539,0,0,0,0,0,0
PLG1540,0,0,0,0,0,0
PLG1541,0,0,0,0,0,0
PLG1542,0,0,0,0,0,0
PLG1543,0,0,0,0,0,0
PLG1544,0,0,0,0,0,0
PLG1545,0,0,0,0,0,0
PLG1546,0,0,0,0,0,0
PLG1547,0,0,0,0,0,0
PLG1548,0,0,0,0,0,0
PLG1549,0,0,0,0,0,0
PLG1550,0,0,0,0,0,0
PLG1551,0,0,0,0,0,0
PLG1552,0,0,0,0,0,0
PLG1553,0,0,0,0,0,0
PLG1554,0,0,0,0,0,0
PLG1555,0,0,0,0,0,0
PLG1556,0,0,0,0,0,0
PLG1557,0,0,0,0,0,0
PLG1558,0,0,0,0,0,0
PLG1559,0,0,0,0,0,0
PLG1560,0,0,0,0,0,0
PLG1561,0,0,0,0,0,0
PLG1562,0,0,0,0,0,0
PLG1563,0,0,0,0,0,0
PLG1564,0,0,0,0,0,0
PLG1565,0,0,0,0,0,0
PLG1566,0,0,0,0,0,0
PLG1567,0,0,0,0,0,0
PLG1568,0,0,0,0,0,0
PLG1569,0,0,0,0,0,0
PLG1570,0,0,0,0,0,0
PLG1571,0,0,0,0,0,0
PLG1572,0,0,0,0,0,0
PLG1573,0,0,0,0,0,0
PLG1574,0,0,0,0,0,0
PLG1575,0,0,0,0,0,0
PLG1576,0,0,0,0,0,0
PLG1577,0,0,0,0,0,0
PLG1578,0,0,0,0,0,0
PLG1579,0,0,0,0,0,0
PLG1580,0,0,0,0,0,0
PLG1581,0,0,0,0,0,0
PLG1582,0,0,0,0,0,0
PLG1583,0,0,0,0,0,0
PLG1584,0,0,0,0,0,0
PLG1585,0,0,0,0,0,0
PLG1586,0,0,0,0,0,0
PLG1587,0,0,0,0,-130000,-130000
PLG1588,0,0,0,0,0,0
PLG1589,0,0,0,0,0,0
PLG1590,0,0,0,0,0,0
PLG1591,0,0,0,0,0,0
PLG1592,0,0,0,0,0,0
PLG1593,0,0,0,0,0,0
PLG1594,0,0,0,0,0,0
PLG1595,0,0,0,0,0,0
PLG1596,0,0,0,0,0,0
PLG1597,0,0,0,0,0,0
PLG1598,0,0,0,0,0,0
PLG1599,0,0,0,0,0,0
PLG1600,0,0,0,0,0,0
PLG1601,0,0,0,0,0,0
PLG1602,0,0,0,0,0,0
PLG1603,0,0,0,0,0,0
PLG1604,0,0,0,0,0,0
PLG1605,0,0,0,0,0,0
PLG1606,0,0,0,0,0,0
PLG1607,0,0,0,0,0,0
PLG1608,0,0,0,0,0,0
PLG1609,0,0,0,0,0,0
PLG1610,0,0,0,0,0,0
PLG1611,0,0,0,0,0,0
PLG1612,0,0,0,0,0,0
PLG1613,0,0,0,0,0,0
PLG1614,0,0,0,0,0,0
PLG1615,0,0,0,0,0,0
PLG1616,0,0,0,0,-175000,-175000
PLG1617,0,0,0,0,0,0
PLG1619,0,0,0,0,0,0
PLG1620,0,0,0,0,0,0
PLG1621,0,0,0,0,0,0
PLG1622,0,0,0,0,0,0
PLG1623,0,0,0,0,0,0
PLG1624,0,0,0,0,0,0
PLG1625,0,0,0,0,0,0
PLG1626,0,0,0,0,0,0
PLG1627,0,0,0,0,0,0
PLG1628,0,0,0,0,0,0
PLG1629,0,0,0,0,0,0
PLG1630,0,0,0,0,0,0
PLG1631,0,0,0,0,0,0
PLG1632,0,0,0,0,0,0
PLG1633,0,0,0,0,0,0
PLG1634,0,0,0,0,0,0
PLG1635,0,0,0,0,0,0
PLG1636,0,0,0,0,0,0
PLG1637,0,0,0,0,0,0
PLG1638,0,0,0,0,0,0
PLG1639,0,0,0,0,0,0
PLG1640,0,0,0,0,0,0
PLG1641,0,0,0,0,0,0
PLG1642,0,0,0,0,0,0
PLG1643,0,0,0,0,0,0
PLG1644,0,0,0,0,0,0
PLG1645,0,0,0,0,0,0
PLG1646,0,0,0,0,-1289690,-1289690
PLG1647,0,0,0,0,0,0
PLG1648,0,0,0,0,0,0
PLG1649,0,0,0,0,0,0
PLG1650,0,0,0,0,0,0
PLG1651,0,0,0,0,0,0
PLG1652,0,0,0,0,0,0
PLG1653,0,0,0,0,0,0
PLG1654,0,0,0,0,0,0
PLG1655,0,0,0,0,0,0
PLG1656,0,0,0,0,0,0
PLG1657,0,0,0,0,0,0
PLG1658,0,0,0,0,0,0
PLG1659,0,0,0,0,0,0
PLG1660,0,0,0,0,0,0
PLG1661,0,0,0,0,0,0
PLG1662,0,0,0,0,0,0
PLG1663,0,0,0,0,0,0
PLG1664,0,0,0,0,0,0
PLG1665,0,0,0,0,0,0
PLG1666,0,0,0,0,0,0
PLG1667,0,0,0,0,0,0
PLG1668,0,0,0,0,0,0
PLG1669,0,0,0,0,0,0
PLG1670,0,0,0,0,0,0
PLG1671,0,0,0,0,0,0
PLG1672,0,0,0,0,0,0
PLG1673,0,0,0,0,0,0
PLG1674,0,0,0,0,0,0
PLG1675,0,0,0,0,0,0
PLG1676,0,0,0,0,0,0
PLG1677,0,0,0,0,0,0
PLG1678,0,0,0,0,0,0
PLG1679,0,0,0,0,0,0
PLG1680,0,0,0,0,0,0
PLG1681,0,0,0,0,0,0
PLG1682,0,0,0,0,0,0
PLG1683,0,0,0,0,0,0
PLG1684,0,0,0,0,0,0
PLG1685,0,0,0,0,0,0
PLG1686,0,0,0,0,0,0
PLG1687,0,0,0,0,0,0
PLG1688,0,0,0,0,0,0
PLG1689,0,0,0,0,0,0
PLG1690,0,0,0,0,0,0
PLG1691,0,0,0,0,0,0
PLG1692,0,0,0,0,0,0
PLG1693,0,0,0,0,0,0
PLG1694,0,0,0,0,0,0
PLG1695,0,0,0,0,0,0
PLG1696,0,0,0,0,0,0
PLG1697,0,0,0,0,0,0
PLG1698,0,0,0,0,0,0
PLG1699,0,0,0,0,0,0
PLG1700,0,0,0,0,0,0
PLG1701,0,0,0,0,0,0
PLG1702,0,0,0,0,0,0
PLG1703,0,0,0,0,0,0
PLG1704,0,0,0,0,0,0
PLG1705,0,0,0,0,0,0
PLG1706,0,0,0,0,0,0
PLG1707,0,0,0,0,0,0
PLG1708,0,0,0,0,0,0
PLG1709,0,0,0,0,0,0
PLG1710,0,0,0,0,0,0
PLG1711,0,0,0,0,0,0
PLG1712,0,0,0,0,0,0
PLG1713,0,0,0,0,0,0
PLG1714,0,0,0,0,0,0
PLG1715,0,0,0,0,0,0
PLG1716,0,0,0,0,0,0
PLG1717,0,0,0,0,0,0
PLG1718,0,0,0,0,0,0
PLG1719,0,0,0,0,0,0
PLG1720,0,0,0,0,0,0
PLG1721,0,0,0,0,0,0
PLG1722,0,0,0,0,0,0
PLG1723,0,0,0,0,0,0
PLG1724,0,0,0,0,0,0
PLG1725,0,0,0,0,0,0
PLG1726,0,0,0,0,0,0
PLG1727,0,0,0,0,0,0
PLG1728,0,0,0,0,0,0
PLG1729,0,0,0,0,0,0
PLG1730,0,0,0,0,0,0
PLG1731,0,0,0,0,0,0
PLG1732,0,0,0,0,0,0
PLG1733,0,0,0,0,0,0
PLG1734,0,0,0,0,0,0
PLG1735,0,0,0,0,0,0
PLG1736,0,0,0,0,0,0
PLG1737,0,0,0,0,0,0
PLG1738,0,0,0,0,0,0
PLG1739,0,0,0,0,0,0
PLG1740,0,0,0,0,0,0
PLG1741,0,0,0,0,0,0
PLG1742,0,0,0,0,0,0
PLG1743,0,0,0,0,0,0
PLG1744,0,0,0,0,0,0
PLG1745,0,0,0,0,0,0
PLG1746,0,0,0,0,-500000,-500000
PLG1747,0,0,0,0,0,0
PLG1748,0,0,0,0,0,0
PLG1749,0,0,0,0,0,0
PLG1750,0,0,0,0,0,0
PLG1751,0,0,0,0,0,0
PLG1752,0,0,0,0,0,0
PLG1753,0,0,0,0,0,0
PLG1754,0,0,0,0,0,0
PLG1755,0,0,0,0,0,0
PLG1756,0,0,0,0,0,0
PLG1757,0,0,0,0,-849728,-849728
PLG1758,0,0,0,0,0,0
PLG1759,0,0,0,0,0,0
PLG1760,0,0,0,0,0,0
PLG1761,0,0,0,0,0,0
PLG1762,0,0,0,0,0,0
PLG1763,0,0,0,0,0,0
PLG1764,0,0,0,0,0,0
PLG1765,0,0,0,0,0,0
PLG1766,0,0,0,0,0,0
PLG1767,0,0,0,0,0,0
PLG1768,0,0,0,0,0,0
PLG1769,0,0,0,0,0,0
PLG1770,0,0,0,0,0,0
PLG1771,0,0,0,0,0,0
PLG1772,0,0,0,0,0,0
PLG1773,0,0,0,0,0,0
PLG1774,0,0,0,0,0,0
PLG1775,0,0,0,0,0,0
PLG1776,0,0,0,0,0,0
PLG1777,0,0,0,0,0,0
PLG1778,0,0,0,0,0,0
PLG1779,0,0,0,0,0,0
PLG1780,0,0,0,0,0,0
PLG1781,0,0,0,0,0,0
PLG1782,0,0,0,0,-44791,-44791
PLG1783,0,0,0,0,0,0
PLG1784,0,0,0,0,0,0
PLG1785,0,0,0,0,0,0
PLG1786,0,0,0,0,0,0
PLG1787,0,0,0,0,0,0
PLG1788,0,0,0,0,0,0
PLG1789,0,0,0,0,0,0
PLG1790,0,0,0,0,0,0
PLG1791,0,0,0,0,0,0
PLG1792,0,0,0,0,0,0
PLG1793,0,0,0,0,0,0
PLG1794,0,0,0,0,0,0
PLG1795,0,0,0,0,0,0
PLG1796,0,0,0,0,0,0
PLG1797,0,0,0,0,0,0
PLG1798,0,0,0,0,0,0
PLG1799,0,0,0,0,0,0
PLG1800,0,0,0,0,0,0
PLG1801,0,0,0,0,0,0
PLG1802,0,0,0,0,0,0
PLG1803,0,0,0,0,0,0
PLG1804,0,0,0,0,0,0
PLG1805,0,0,0,0,0,0
PLG1806,0,0,0,0,0,0
PLG1807,0,0,0,0,0,0
PLG1808,0,0,0,0,0,0
PLG1809,0,0,0,0,0,0
PLG1810,0,0,0,0,0,0
PLG1811,0,0,0,0,0,0
PLG1812,0,0,0,0,0,0
PLG1813,0,0,0,0,0,0
PLG1814,0,0,0,0,0,0
PLG1815,0,0,0,0,0,0
PLG1816,0,0,0,0,0,0
PLG1817,0,0,0,0,0,0
PLG1818,0,0,0,0,0,0
PLG1819,0,0,0,0,0,0
PLG1820,0,0,0,0,0,0
PLG1821,0,0,0,0,0,0
PLG1822,0,0,0,0,0,0
PLG1823,0,0,0,0,29363558,29363558
PLG1824,0,0,0,0,0,0
PLG1825,0,0,0,0,0,0
PLG1826,0,0,0,0,0,0
PLG1827,0,0,0,0,0,0
PLG1828,0,0,0,0,0,0
PLG1829,0,0,0,0,0,0
PLG1830,0,0,0,0,0,0
PLG1831,0,0,0,0,0,0
PLG1832,0,0,0,0,0,0
PLG1833,0,0,0,0,0,0
PLG1834,0,0,0,0,0,0
PLG1835,0,0,0,0,0,0
PLG1836,0,0,0,0,0,0
PLG1837,0,0,0,0,0,0
PLG1838,0,0,0,0,0,0
PLG1839,0,0,0,0,0,0
PLG1840,0,0,0,0,0,0
PLG1841,0,0,0,0,0,0
PLG1842,0,0,0,0,0,0
PLG1843,0,0,0,0,0,0
PLG1844,0,0,0,0,0,0
PLG1845,0,0,0,0,0,0
PLG1846,0,0,0,0,0,0
PLG1847,0,0,0,0,0,0
PLG1848,0,0,0,0,0,0
PLG1849,0,0,0,0,0,0
PLG1850,0,0,0,0,0,0
PLG1851,0,0,0,0,0,0
PLG1852,0,0,0,0,0,0
PLG1853,0,0,0,0,0,0
PLG1854,0,0,0,0,0,0
PLG1855,0,0,0,0,0,0
PLG1856,0,0,0,0,0,0
PLG1857,0,0,0,0,0,0
PLG1858,0,0,0,0,0,0
PLG1859,0,0,0,0,0,0
PLG1860,0,0,0,0,0,0
PLG1861,0,0,0,0,0,0
PLG1862,0,0,0,0,0,0
PLG1863,0,0,0,0,0,0
PLG1864,0,0,0,0,0,0
PLG1865,0,0,0,0,0,0
PLG1866,0,0,0,0,0,0
PLG1867,0,0,0,0,0,0
PLG1868,0,0,0,0,0,0
PLG1869,0,0,0,0,0,0
PLG1870,0,0,0,0,0,0
PLG1871,0,0,0,0,0,0
PLG1872,0,0,0,0,0,0
PLG1873,0,0,0,0,0,0
PLG1874,0,0,0,0,0,0
PLG1875,0,0,0,0,0,0
PLG1876,0,0,0,0,0,0
PLG1877,0,0,0,0,0,0
PLG1878,0,0,0,0,0,0
PLG1879,0,0,0,0,0,0
PLG1880,0,0,0,0,0,0
PLG1881,0,0,0,0,0,0
PLG1882,0,0,0,0,0,0
PLG1883,0,0,0,0,0,0
PLG1884,0,0,0,0,0,0
PLG1885,0,0,0,0,0,0
PLG1886,0,0,0,0,0,0
PLG1887,0,0,0,0,0,0
PLG1888,0,0,0,0,0,0
PLG1889,0,0,0,0,0,0
PLG1890,0,0,0,0,0,0
PLG1891,0,0,0,0,0,0
PLG1892,0,0,0,0,0,0
PLG1893,0,0,0,0,0,0
PLG1894,0,0,0,0,0,0
PLG1895,0,0,0,0,0,0
PLG1896,0,0,0,0,0,0
PLG1897,0,0,0,0,0,0
PLG1898,0,0,0,0,0,0
PLG1899,0,0,0,0,0,0
PLG1900,0,0,0,0,0,0
PLG1901,0,0,0,0,0,0
PLG1902,0,0,0,0,0,0
PLG1903,0,0,0,0,0,0
PLG1904,0,0,0,0,0,0
PLG1905,0,0,0,0,0,0
PLG1906,0,0,0,0,0,0
PLG1907,0,0,0,0,0,0
PLG1908,0,0,0,0,0,0
PLG1909,0,0,0,0,0,0
PLG1910,0,0,0,0,0,0
PLG1911,0,0,0,0,106063,106063
PLG1912,0,0,0,0,0,0
PLG1913,0,0,0,0,0,0
PLG1914,0,0,0,0,-409615,-409615
PLG1915,0,0,0,0,0,0
PLG1916,0,0,0,0,0,0
PLG1917,0,0,0,0,0,0
PLG1918,0,0,0,0,-1594385,-1594385
PLG1919,0,0,0,0,0,0
PLG1920,0,0,0,0,0,0
PLG1921,0,0,0,0,0,0
PLG1922,0,0,0,0,0,0
PLG1923,0,0,0,0,0,0
PLG1924,0,0,0,0,0,0
PLG1925,0,0,0,0,0,0
PLG1926,0,0,0,0,0,0
PLG1927,0,0,0,0,0,0
PLG1928,0,0,0,0,0,0
PLG1929,0,0,0,0,0,0
PLG1930,0,0,0,0,0,0
PLG1931,0,0,0,0,0,0
PLG1932,0,0,0,0,0,0
PLG1933,0,0,0,0,0,0
PLG1934,0,0,0,0,0,0
PLG1935,0,0,0,0,-548136,-548136
PLG1936,0,0,0,0,0,0
PLG1937,0,0,0,0,0,0
PLG1938,0,0,0,0,0,0
PLG1939,0,0,0,0,0,0
PLG1940,0,0,0,0,0,0
PLG1941,18647153,18647153,0,0,0,0
PLG1942,0,0,0,0,0,0
PLG1943,0,0,0,0,0,0
PLG1944,0,0,0,0,0,0
PLG1945,0,0,0,0,-879264,-879264
PLG1946,2235000,2235000,0,0,0,0
PLG1947,0,0,0,0,0,0
PLG1948,0,0,0,0,0,0
PLG1949,0,0,0,0,0,0
PLG1950,0,0,0,0,0,0
PLG1951,0,0,0,0,0,0
PLG1952,0,0,0,0,0,0
PLG1953,0,0,0,0,0,0
PLG1954,0,0,0,0,0,0
PLG1955,0,0,0,0,0,0
PLG1956,0,0,0,0,0,0
PLG1957,0,0,0,0,-369017,-369017
PLG1958,0,0,0,0,-602964,-602964
PLG1959,0,0,0,0,0,0
PLG1960,0,0,0,0,0,0
PLG1961,0,0,0,0,0,0
PLG1962,0,0,0,0,0,0
PLG1963,0,0,0,0,0,0
PLG1964,0,0,0,0,0,0
PLG1965,0,0,0,0,0,0
PLG1966,0,0,0,0,0,0
PLG1967,0,0,0,0,0,0
PLG1968,0,0,0,0,0,0
PLG1969,0,0,0,0,0,0
PLG1970,0,0,0,0,0,0
PLG1971,0,0,0,0,-10212153,-10212153
PLG1972,0,0,0,0,0,0
PLG1973,0,0,0,0,0,0
PLG1974,0,0,0,0,0,0
PLG1975,0,0,0,0,0,0
PLG1976,0,0,0,0,0,0
PLG1977,0,0,0,0,0,0
PLG1978,0,0,0,0,0,0
PLG1979,0,0,0,0,-1316336,-1316336
PLG1980,0,0,0,0,0,0
PLG1981,0,0,0,0,0,0
PLG1982,0,0,0,0,0,0
PLG1983,0,0,0,0,0,0
PLG1984,0,0,0,0,0,0
PLG1985,0,0,0,0,0,0
PLG1986,0,0,0,0,0,0
PLG1987,0,0,0,0,0,0
PLG1988,0,0,0,0,0,0
PLG1989,0,0,0,0,0,0
PLG1990,0,0,0,0,0,0
PLG1991,0,0,0,0,0,0
PLG1992,0,0,0,0,0,0
PLG1993,0,0,0,0,0,0
PLG1994,0,0,0,0,0,0
PLG1995,0,0,0,0,0,0
PLG1996,0,0,0,0,0,0
PLG1997,0,0,0,0,0,0
PLG1998,0,0,0,0,0,0
PLG1999,0,0,0,0,0,0
PLG2000,0,0,0,0,0,0
PLG2001,0,0,0,0,0,0
PLG2002,0,0,0,0,0,0
PLG2003,0,0,0,0,0,0
PLG2004,0,0,0,0,0,0
PLG2005,0,0,0,0,0,0
PLG2006,0,0,0,0,0,0
PLG2007,0,0,0,0,0,0
PLG2008,0,0,0,0,0,0
PLG2009,0,0,0,0,0,0
PLG2010,0,0,0,0,0,0
PLG2011,0,0,0,0,0,0
PLG2012,0,0,0,0,0,0
PLG2013,0,0,0,0,0,0
PLG2014,0,0,0,0,0,0
PLG2015,0,0,0,0,0,0
PLG2016,0,0,0,0,0,0
PLG2017,0,0,0,0,0,0
PLG2018,0,0,0,0,0,0
PLG2019,0,0,0,0,0,0
PLG2020,0,0,0,0,0,0
PLG2021,0,0,0,0,0,0
PLG2022,0,0,0,0,0,0
PLG2023,0,0,0,0,0,0
PLG2024,0,0,0,0,0,0
PLG2025,0,0,0,0,-3105060,-3105060
PLG2026,0,0,0,0,0,0
PLG2027,0,0,0,0,0,0
PLG2028,0,0,0,0,0,0
PLG2029,0,0,0,0,0,0
PLG2030,0,0,0,0,0,0
PLG2031,0,0,0,0,0,0
PLG2032,0,0,0,0,0,0
PLG2033,0,0,0,0,0,0
PLG2034,0,0,0,0,0,0
PLG2035,0,0,0,0,0,0
PLG2036,0,0,0,0,0,0
PLG2037,0,0,0,0,0,0
PLG2038,0,0,0,0,0,0
PLG2039,0,0,0,0,0,0
PLG2040,0,0,0,0,0,0
PLG2041,0,0,0,0,0,0
PLG2042,0,0,0,0,0,0
PLG2043,0,0,0,0,0,0
PLG2044,0,0,0,0,0,0
PLG2045,0,0,0,0,0,0
PLG2046,0,0,0,0,0,0
PLG2047,0,0,0,0,0,0
PLG2048,0,0,0,0,0,0
PLG2049,0,0,0,0,0,0
PLG2050,0,0,0,0,0,0
PLG2051,0,0,0,0,0,0
PLG2052,0,0,0,0,0,0
PLG2053,0,0,0,0,0,0
PLG2054,0,0,0,0,0,0
PLG2055,0,0,0,0,0,0
PLG2056,0,0,0,0,0,0
PLG2057,0,0,0,0,0,0
PLG2058,0,0,0,0,0,0
PLG2059,0,0,0,0,-1658156,-1658156
PLG2060,0,0,0,0,0,0
PLG2061,0,0,0,0,0,0
PLG2062,0,0,0,0,0,0
PLG2063,0,0,0,0,0,0
PLG2064,0,0,0,0,327184,327184
PLG2065,0,0,0,0,0,0
PLG2066,0,0,0,0,-4986440,-4986440
PLG2067,0,0,0,0,-653265.5,-653265.5
PLG2068,0,0,0,0,-6622022.5,-6622022.5
PLG2069,0,0,0,0,-21516390.5,-21516390.5
PLG2070,0,0,0,0,-1687432,-1687432
PLG2071,0,0,0,0,0,0
PLG2072,0,0,0,0,128000,128000
PLG2073,0,0,0,0,-46770000,-46770000
PLG2074,0,0,0,0,-49196012,-49196012
PLG2075,0,0,0,0,-576309,-576309
PLG2076,0,0,0,0,-2337631,-2337631
PLG2077,0,0,0,0,-231445,-231445
PLG2078,0,0,0,0,22055,22055
PLG2079,0,0,0,0,40334,40334
PLG2080,0,0,0,0,0,0
PLG2081,0,0,0,0,0,0
PLG2082,0,0,0,0,0,0
PLG2083,0,0,0,0,-233480,-233480
PLG2084,0,0,0,0,0,0
PLG2085,0,0,0,0,0,0
PLG2086,0,0,0,0,-20355445,-20355445
PLG2087,0,0,0,0,0,0
PLG2088,0,0,0,0,0,0
PLG2089,0,0,0,0,0,0
PLG2090,0,0,0,0,0,0
PLG2091,0,0,0,0,0,0
PLG2092,0,0,0,0,0,0
PLG2093,0,0,0,0,0,0
PLG2094,0,0,0,0,0,0
PLG2095,0,0,0,0,-304079,-304079
PLG2096,0,0,0,0,0,0
PLG2097,0,0,0,0,0,0
PLG2098,0,0,0,0,0,0
PLG2099,0,0,0,0,0,0
PLG2100,0,0,0,0,-171281,-171281
PLG2101,0,0,0,0,-2452,-2452
PLG2102,0,0,0,0,0,0
PLG2103,0,0,0,0,0,0
PLG2104,0,0,0,0,0,0
PLG2105,0,0,0,0,0,0
PLG2106,0,0,0,0,0,0
PLG2107,0,0,0,0,0,0
PLG2108,0,0,0,0,0,0
PLG2109,0,0,0,0,-13034756,-13034756
PLG2110,0,0,0,0,0,0
PLG2111,0,0,0,0,0,0
PLG2112,0,0,0,0,0,0
PLG2113,0,0,0,0,0,0
PLG2114,0,0,0,0,0,0
PLG2115,0,0,0,0,0,0
PLG2116,0,0,0,0,0,0
PLG2117,0,0,0,0,0,0
PLG2118,0,0,0,0,0,0
PLG2119,0,0,0,0,0,0
PLG2120,0,0,0,0,0,0
PLG2121,0,0,0,0,0,0
PLG2122,0,0,0,0,0,0
PLG2123,0,0,0,0,0,0
PLG2124,0,0,0,0,0,0
PLG2125,0,0,0,0,0,0
PLG2126,0,0,0,0,0,0
PLG2127,0,0,0,0,0,0
PLG2128,0,0,0,0,-82868,-82868
PLG2129,0,0,0,0,0,0
PLG2130,0,0,0,0,0,0
PLG2131,0,0,0,0,0,0
PLG2132,0,0,0,0,0,0
PLG2133,0,0,0,0,0,0
PLG2134,0,0,0,0,0,0
PLG2135,0,0,0,0,0,0
PLG2136,0,0,0,0,0,0
PLG2137,0,0,0,0,0,0
PLG2138,0,0,0,0,0,0
PLG2139,0,0,0,0,0,0
PLG2140,0,0,0,0,0,0
PLG2141,0,0,0,0,0,0
PLG2142,0,0,0,0,0,0
PLG2143,0,0,0,0,0,0
PLG2144,0,0,0,0,0,0
PLG2145,0,0,0,0,0,0
PLG2148,0,0,0,0,0,0
PLG2149,0,0,0,0,0,0
PLG2150,0,0,0,0,0,0
PLG2151,0,0,0,0,0,0
PLG2152,0,0,0,0,0,0
PLG2153,0,0,0,0,0,0
PLG2154,0,0,0,0,0,0
PLG2155,0,0,0,0,0,0
PLG2156,0,0,0,0,0,0
PLG2157,0,0,0,0,0,0
PLG2158,0,0,0,0,-2304012,-2304012
PLG2159,0,0,0,0,0,0
PLG2160,0,0,0,0,0,0
PLG2161,0,0,0,0,0,0
PLG2162,0,0,0,0,0,0
PLG2163,0,0,0,0,0,0
PLG2164,0,0,0,0,0,0
PLG2165,0,0,0,0,-2012316,-2012316
PLG2166,0,0,0,0,0,0
PLG2167,0,0,0,0,0,0
PLG2168,0,0,0,0,0,0
PLG2169,0,0,0,0,0,0
PLG2170,0,0,0,0,24446669,24446669
PLG2171,0,0,0,0,0,0
PLG2172,0,0,0,0,0,0
PLG2173,0,0,0,0,0,0
PLG2174,0,0,0,0,0,0
PLG2175,0,0,0,0,0,0
PLG2176,0,0,0,0,0,0
PLG2177,0,0,0,0,-9794740,-9794740
PLG2178,0,0,0,0,0,0
PLG2179,0,0,0,0,0,0
PLG2180,0,0,0,0,0,0
PLG2181,0,0,0,0,0,0
PLG2182,0,0,0,0,0,0
PLG2183,0,0,0,0,-7886,-7886
PLG2184,0,0,0,0,0,0
PLG2185,0,0,0,0,0,0
PLG2186,0,0,0,0,0,0
PLG2187,0,0,0,0,0,0
PLG2188,0,0,0,0,0,0
PLG2189,0,0,0,0,0,0
PLG2190,2993841,2993841,0,0,0,0
PLG2191,0,0,0,0,0,0
PLG2192,0,0,0,0,0,0
PLG2193,0,0,0,0,0,0
PLG2194,0,0,0,0,0,0
PLG2195,0,0,0,0,0,0
PLG2196,0,0,0,0,0,0
PLG2197,0,0,0,0,0,0
PLG2198,0,0,0,0,0,0
PLG2199,0,0,0,0,0,0
PLG2200,0,0,0,0,0,0
PLG2201,0,0,0,0,0,0
PLG2202,0,0,0,0,0,0
PLG2203,0,0,0,0,0,0
PLG2204,0,0,0,0,0,0
PLG2205,0,0,0,0,0,0
PLG2206,0,0,0,0,0,0
PLG2207,0,0,0,0,0,0
PLG2208,0,0,0,0,0,0
PLG2209,0,0,0,0,0,0
PLG2210,0,0,0,0,0,0
PLG2211,0,0,0,0,0,0
PLG2212,0,0,0,0,0,0
PLG2213,0,0,0,0,0,0
PLG2214,0,0,0,0,0,0
PLG2215,0,0,0,0,0,0
PLG2216,0,0,0,0,0,0
PLG2217,0,0,0,0,0,0
PLG2218,0,0,0,0,0,0
PLG2219,0,0,0,0,0,0
PLG2220,0,0,0,0,0,0
PLG2221,0,0,0,0,-4044482,-4044482
PLG2222,0,0,0,0,0,0
PLG2223,0,0,0,0,0,0
PLG2224,0,0,0,0,0,0
PLG2225,0,0,0,0,0,0
PLG2226,0,0,0,0,0,0
PLG2227,0,0,0,0,0,0
PLG2228,0,0,0,0,-48613,-48613
PLG2229,0,0,0,0,0,0
PLG2230,0,0,0,0,0,0
PLG2231,0,0,0,0,-154675850,-154675850
PLG2232,0,0,0,0,0,0
PLG2233,1001215600.00,1001215600.00,0,0,0,0
PLG2234,1230287914,1230287914,0,0,0,0
PLG2235,7514924626.00,7514924626.00,0,0,0,0
PLG2236,0,0,0,0,-9216406,-9216406
PLG2237,0,0,0,0,530000,530000
PLG2238,60000,60000,0,0,0,0
PLG2239,0,0,0,0,0,0
PLG2240,0,0,0,0,-2828276,-2828276
PLG2241,0,0,0,0,0,0
PLG2242,0,0,0,0,-537400,-537400
PLG2243,0,0,0,0,0,0
PLG2244,0,0,0,0,0,0
PLG2245,0,0,0,0,0,0
PLG2246,0,0,0,0,-315936,-315936
PLG2247,17266680,17266680,0,0,0,0
PLG2248,0,0,0,0,220199467,220199467
PLG2249,0,0,0,0,4100949.5,4100949.5
PLG2251,0,0,0,0,2820479,2820479
PLG2252,0,0,0,0,-5676000,-5676000
PLG2253,0,0,0,0,-750000,-750000
PLG2254,69817564,69817564,0,0,0,0
PLG2255,0,0,0,0,-150000,-150000
PLG2256,0,0,0,0,0,0
PLG2257,0,0,0,0,-41054,-41054
PLG2258,0,0,0,0,-1453314,-1453314
PLG2259,0,0,0,0,27200,27200
PLG2260,0,0,0,0,-166699050,-166699050
PLG2261,0,0,0,0,-60837000,-60837000
PLG2262,0,0,0,0,1596979,1596979
PLG2263,0,0,0,0,0,0
PLG2264,0,0,0,0,-474191,-474191
PLG2265,0,0,0,0,-82703906,-82703906
PLG2266,0,0,0,0,-14441420,-14441420
PLG2267,0,0,0,0,-17118650,-17118650
PLG2268,0,0,0,0,-10620401,-10620401
PLG2269,0,0,0,0,0,0
PLG2270,0,0,0,0,-189769,-189769
PLG2271,0,0,0,0,0,0
PLG2272,0,0,0,0,0,0
PLG2273,15692977,15692977,0,0,0,0
PLG2274,0,0,0,0,-1773030,-1773030
PLG2275,0,0,0,0,-10,-10
PLG2276,0,0,0,0,-450231,-450231
PLG2277,0,0,0,0,-16777649,-16777649
PLG2278,0,0,0,0,-376302,-376302
PLG2279,0,0,0,0,0,0
PLG2280,0,0,0,0,2392044,2392044
PLG2281,0,0,0,0,-541540,-541540
PLG2282,0,0,0,0,88442,88442
PLG2283,0,0,0,0,-3742750,-3742750
PLG2284,0,0,0,0,68602,68602
PLG2285,0,0,0,0,2595783,2595783
PLG2286,0,0,0,0,411738,411738
PLG2287,0,0,0,0,-8060126,-8060126
PLG2288,0,0,0,0,0,0
PLG2289,0,0,0,0,-3173664,-3173664
PLG2290,0,0,0,0,-120914,-120914
PLG2291,0,0,0,0,0,0
PLG2292,0,0,0,0,0,0
PLG2293,0,0,0,0,0,0
PLG2294,0,0,0,0,0,0
PLG2295,0,0,0,0,0,0
PLG2296,0,0,0,0,0,0
PLG2297,0,0,0,0,0,0
PLG2298,0,0,0,0,0,0
PLG2299,0,0,0,0,0,0
PLG2300,0,0,0,0,0,0
PLG2301,0,0,0,0,0,0
PLG2302,0,0,0,0,0,0
PLG2303,0,0,0,0,-122302,-122302
PLG2304,0,0,0,0,0,0
PLG2305,0,0,0,0,0,0
PLG2306,0,0,0,0,0,0
PLG2307,0,0,0,0,0,0
PLG2308,0,0,0,0,0,0
PLG2309,0,0,0,0,0,0
PLG2310,0,0,0,0,0,0
PLG2311,0,0,0,0,0,0
PLG2312,0,0,0,0,0,0
PLG2313,0,0,0,0,0,0
PLG2314,0,0,0,0,0,0
PLG2315,0,0,0,0,0,0
PLG2316,0,0,0,0,0,0
PLG2317,0,0,0,0,0,0
PLG2318,0,0,0,0,0,0
PLG2319,0,0,0,0,0,0
PLG2320,0,0,0,0,0,0
PLG2321,0,0,0,0,0,0
PLG2322,0,0,0,0,0,0
PLG2323,0,0,0,0,0,0
PLG2324,0,0,0,0,0,0
PLG2325,0,0,0,0,0,0
PLG2326,0,0,0,0,0,0
PLG2327,0,0,0,0,0,0
PLG2328,0,0,0,0,0,0
PLG2329,0,0,0,0,0,0
PLG2330,0,0,0,0,0,0
PLG2331,0,0,0,0,0,0
PLG2332,0,0,0,0,0,0
PLG2333,0,0,0,0,0,0
PLG2334,0,0,0,0,0,0
PLG2335,0,0,0,0,0,0
PLG2336,0,0,0,0,0,0
PLG2337,0,0,0,0,0,0
PLG2338,0,0,0,0,0,0
PLG2339,0,0,0,0,0,0
PLG2340,0,0,0,0,0,0
PLG2341,0,0,0,0,0,0
PLG2342,0,0,0,0,0,0
PLG2343,0,0,0,0,0,0
PLG2344,0,0,0,0,0,0
PLG2345,0,0,0,0,0,0
PLG2346,0,0,0,0,0,0
PLG2347,0,0,0,0,0,0
PLG2348,0,0,0,0,0,0
PLG2349,0,0,0,0,0,0
PLG2350,0,0,0,0,0,0
PLG2351,0,0,0,0,0,0
PLG2352,0,0,0,0,0,0
PLG2353,0,0,0,0,0,0
PLG2354,0,0,0,0,0,0
PLG2355,0,0,0,0,0,0
PLG2356,0,0,0,0,0,0
PLG2357,0,0,0,0,0,0
PLG2358,0,0,0,0,0,0
PLG2359,0,0,0,0,0,0
PLG2360,0,0,0,0,0,0
PLG2361,0,0,0,0,0,0
PLG2362,0,0,0,0,0,0
PLG2363,0,0,0,0,0,0
PLG2364,0,0,0,0,0,0
PLG2365,0,0,0,0,0,0
PLG2366,0,0,0,0,0,0
PLG2367,0,0,0,0,0,0
PLG2368,0,0,0,0,0,0
PLG2369,0,0,0,0,0,0
PLG2370,0,0,0,0,0,0
PLG2371,0,0,0,0,0,0
PLG2372,0,0,0,0,0,0
PLG2373,0,0,0,0,0,0
PLG2374,0,0,0,0,0,0
PLG2375,0,0,0,0,0,0
PLG2376,0,0,0,0,0,0
PLG2377,0,0,0,0,0,0
PLG2378,0,0,0,0,0,0
PLG2379,0,0,0,0,0,0
PLG2380,0,0,0,0,0,0
PLG2381,0,0,0,0,0,0
PLG2382,0,0,0,0,0,0
PLG2383,0,0,0,0,0,0
PLG2384,0,0,0,0,0,0
PLG2385,0,0,0,0,0,0
PLG2386,0,0,0,0,0,0
PLG2387,0,0,0,0,0,0
PLG2388,0,0,0,0,0,0
PLG2389,0,0,0,0,0,0
PLG2390,0,0,0,0,0,0
PLG2391,0,0,0,0,0,0
PLG2392,0,0,0,0,0,0
PLG2393,0,0,0,0,0,0
PLG2394,0,0,0,0,0,0
PLG2395,0,0,0,0,0,0
PLG2396,0,0,0,0,0,0
PLG2397,0,0,0,0,0,0
PLG2398,0,0,0,0,0,0
PLG2399,0,0,0,0,0,0
PLG2400,0,0,0,0,0,0
PLG2401,0,0,0,0,0,0
PLG2402,0,0,0,0,0,0
PLG2403,0,0,0,0,0,0
PLG2404,0,0,0,0,0,0
PLG2405,0,0,0,0,0,0
PLG2406,0,0,0,0,0,0
PLG2407,0,0,0,0,0,0
PLG2408,0,0,0,0,0,0
PLG2409,0,0,0,0,0,0
PLG2410,0,0,0,0,0,0
PLG2411,0,0,0,0,0,0
PLG2412,0,0,0,0,0,0
PLG2413,0,0,0,0,0,0
PLG2414,0,0,0,0,0,0
PLG2415,0,0,0,0,0,0
PLG2416,0,0,0,0,0,0
PLG2417,0,0,0,0,0,0
PLG2418,0,0,0,0,0,0
PLG2419,0,0,0,0,0,0
PLG2420,0,0,0,0,0,0
PLG2421,0,0,0,0,0,0
PLG2422,0,0,0,0,0,0
PLG2423,0,0,0,0,0,0
PLG2424,0,0,0,0,0,0
PLG2425,0,0,0,0,0,0
PLG2426,0,0,0,0,0,0
PLG2427,0,0,0,0,0,0
PLG2428,0,0,0,0,0,0
PLG2429,0,0,0,0,0,0
PLG2430,0,0,0,0,0,0
PLG2431,0,0,0,0,0,0
PLG2432,0,0,0,0,0,0
PLG2433,0,0,0,0,0,0
PLG2434,0,0,0,0,0,0
PLG2435,0,0,0,0,0,0
PLG2436,0,0,0,0,0,0
PLG2437,0,0,0,0,0,0
PLG2438,0,0,0,0,0,0
PLG2439,0,0,0,0,0,0
PLG2440,0,0,0,0,0,0
PLG2441,0,0,0,0,0,0
PLG2442,0,0,0,0,0,0
PLG2443,0,0,0,0,0,0
PLG2444,0,0,0,0,0,0
PLG2445,0,0,0,0,0,0
PLG2446,0,0,0,0,0,0
PLG2447,0,0,0,0,0,0
PLG2448,0,0,0,0,0,0
PLG2449,0,0,0,0,0,0
PLG2450,0,0,0,0,0,0
PLG2451,0,0,0,0,0,0
PLG2452,0,0,0,0,0,0
PLG2453,0,0,0,0,0,0
PLG2454,0,0,0,0,0,0
PLG2455,0,0,0,0,0,0
PLG2456,0,0,0,0,0,0
PLG2457,0,0,0,0,0,0
PLG2458,0,0,0,0,0,0
PLG2459,0,0,0,0,0,0
PLG2460,0,0,0,0,0,0
PLG2461,0,0,0,0,0,0
PLG2462,0,0,0,0,0,0
PLG2463,0,0,0,0,0,0
PLG2464,0,0,0,0,0,0
PLG2465,0,0,0,0,0,0
PLG2466,0,0,0,0,0,0
PLG2467,0,0,0,0,0,0
PLG2468,0,0,0,0,0,0
PLG2469,0,0,0,0,0,0
PLG2470,0,0,0,0,0,0
PLG2471,0,0,0,0,0,0
PLG2472,0,0,0,0,0,0
PLG2473,0,0,0,0,0,0
PLG2474,0,0,0,0,0,0
PLG2475,0,0,0,0,0,0
PLG2476,0,0,0,0,0,0
PLG2477,0,0,0,0,0,0
PLG2478,0,0,0,0,0,0
PLG2479,0,0,0,0,0,0
PLG2480,0,0,0,0,0,0
PLG2481,0,0,0,0,0,0
PLG2482,0,0,0,0,0,0
PLG2483,0,0,0,0,0,0
PLG2484,0,0,0,0,0,0
PLG2485,0,0,0,0,0,0
PLG2486,0,0,0,0,0,0
PLG2487,0,0,0,0,0,0
PLG2488,0,0,0,0,0,0
PLG2489,0,0,0,0,0,0
PLG2490,0,0,0,0,0,0
PLG2491,0,0,0,0,0,0
PLG2492,0,0,0,0,0,0
PLG2493,0,0,0,0,0,0
PLG2494,0,0,0,0,0,0
PLG2495,0,0,0,0,0,0
PLG2496,0,0,0,0,0,0
PLG2497,0,0,0,0,0,0
PLG2498,0,0,0,0,0,0
PLG2499,0,0,0,0,0,0
PLG2500,0,0,0,0,0,0
PLG2501,0,0,0,0,0,0
PLG2502,0,0,0,0,0,0
PLG2503,0,0,0,0,0,0
PLG2504,0,0,0,0,0,0
PLG2505,0,0,0,0,0,0
PLG2506,0,0,0,0,0,0
PLG2507,0,0,0,0,0,0
PLG2508,0,0,0,0,0,0
PLG2509,0,0,0,0,0,0
PLG2510,0,0,0,0,0,0
PLG2511,0,0,0,0,0,0
PLG2512,0,0,0,0,0,0
PLG2513,0,0,0,0,0,0
PLG2514,0,0,0,0,0,0
PLG2515,0,0,0,0,0,0
PLG2516,0,0,0,0,0,0
PLG2517,0,0,0,0,0,0
PLG2518,0,0,0,0,0,0
PLG2519,0,0,0,0,0,0
PLG2520,0,0,0,0,0,0
PLG2521,0,0,0,0,0,0
PLG2522,0,0,0,0,0,0
PLG2523,0,0,0,0,0,0
PLG2524,0,0,0,0,0,0
PLG2525,0,0,0,0,0,0
PLG2526,0,0,0,0,0,0
PLG2527,0,0,0,0,0,0
PLG2528,0,0,0,0,0,0
PLG2529,0,0,0,0,0,0
PLG2530,0,0,0,0,0,0
PLG2531,0,0,0,0,0,0
PLG2532,0,0,0,0,0,0
PLG2533,0,0,0,0,0,0
PLG2534,0,0,0,0,0,0
PLG2535,0,0,0,0,0,0
PLG2536,0,0,0,0,0,0
PLG2537,0,0,0,0,0,0
PLG2538,0,0,0,0,0,0
PLG2539,0,0,0,0,0,0
PLG2540,0,0,0,0,0,0
PLG2541,0,0,0,0,0,0
PLG2542,0,0,0,0,0,0
PLG2543,0,0,0,0,0,0
PLG2544,0,0,0,0,0,0
PLG2545,0,0,0,0,0,0
PLG2546,0,0,0,0,0,0
PLG2547,0,0,0,0,0,0
PLG2548,0,0,0,0,0,0
PLG2549,0,0,0,0,0,0
PLG2550,0,0,0,0,0,0
PLG2551,0,0,0,0,0,0
PLG2552,0,0,0,0,0,0
PLG2553,0,0,0,0,0,0
PLG2554,0,0,0,0,0,0
PLG2555,0,0,0,0,0,0
PLG2556,0,0,0,0,0,0
PLG2557,0,0,0,0,0,0
PLG2558,0,0,0,0,0,0
PLG2559,0,0,0,0,0,0
PLG2560,0,0,0,0,0,0
PLG2561,0,0,0,0,0,0
PLG2562,0,0,0,0,0,0
PLG2563,0,0,0,0,0,0
PLG2564,0,0,0,0,0,0
PLG2565,0,0,0,0,0,0
PLG2566,0,0,0,0,0,0
PLG2567,0,0,0,0,0,0
PLG2568,0,0,0,0,0,0
PLG2569,0,0,0,0,0,0
PLG2570,0,0,0,0,0,0
PLG2571,0,0,0,0,0,0
PLG2572,0,0,0,0,0,0
PLG2573,0,0,0,0,0,0
PLG2574,0,0,0,0,0,0
PLG2575,0,0,0,0,0,0
PLG2576,0,0,0,0,0,0
PLG2577,0,0,0,0,0,0
PLG2578,0,0,0,0,0,0
PLG2579,0,0,0,0,0,0
PLG2580,0,0,0,0,0,0
PLG2581,0,0,0,0,0,0
PLG2582,0,0,0,0,0,0
PLG2583,0,0,0,0,0,0
PLG2584,0,0,0,0,0,0
PLG2585,0,0,0,0,0,0
PLG2586,0,0,0,0,0,0
PLG2587,0,0,0,0,0,0
PLG2588,0,0,0,0,0,0
PLG2589,0,0,0,0,0,0
PLG2590,0,0,0,0,0,0
PLG2591,0,0,0,0,0,0
PLG2592,0,0,0,0,0,0
PLG2593,0,0,0,0,0,0
PLG2594,0,0,0,0,0,0
PLG2595,0,0,0,0,0,0
PLG2596,0,0,0,0,0,0
PLG2597,0,0,0,0,0,0
PLG2598,0,0,0,0,0,0
PLG2599,0,0,0,0,0,0
PLG2600,0,0,0,0,0,0
PLG2601,0,0,0,0,0,0
PLG2602,0,0,0,0,0,0
PLG2603,0,0,0,0,0,0
PLG2604,0,0,0,0,0,0
PLG2605,0,0,0,0,0,0
PLG2606,0,0,0,0,0,0
PLG2607,0,0,0,0,0,0
PLG2608,0,0,0,0,0,0
PLG2609,0,0,0,0,0,0
PLG2610,0,0,0,0,0,0
PLG2611,0,0,0,0,0,0
PLG2612,0,0,0,0,0,0
PLG2613,0,0,0,0,0,0
PLG2614,0,0,0,0,0,0
PLG2615,0,0,0,0,0,0
PLG2616,0,0,0,0,0,0
PLG2617,0,0,0,0,0,0
PLG2618,0,0,0,0,0,0
PLG2619,0,0,0,0,0,0
PLG2620,0,0,0,0,0,0
PLG2621,0,0,0,0,0,0
PLG2622,0,0,0,0,0,0
PLG2623,0,0,0,0,0,0
PLG2624,0,0,0,0,0,0
PLG2625,0,0,0,0,0,0
PLG2626,0,0,0,0,0,0
PLG2627,0,0,0,0,0,0
PLG2628,0,0,0,0,0,0
PLG2629,0,0,0,0,0,0
PLG2630,0,0,0,0,0,0
PLG2631,0,0,0,0,0,0
PLG2632,0,0,0,0,0,0
PLG2633,0,0,0,0,0,0
PLG2634,0,0,0,0,0,0
PLG2635,0,0,0,0,0,0
PLG2636,0,0,0,0,0,0
PLG2637,0,0,0,0,0,0
PLG2638,0,0,0,0,0,0
PLG2639,0,0,0,0,0,0
PLG2640,0,0,0,0,0,0
PLG2641,0,0,0,0,-63115351,-63115351
PLG2642,0,0,0,0,0,0
PLG2643,0,0,0,0,0,0
PLG2644,0,0,0,0,0,0
PLG2645,0,0,0,0,0,0
PLG2646,0,0,0,0,0,0
PLG2647,0,0,0,0,0,0
PLG2648,0,0,0,0,0,0
PLG2649,0,0,0,0,-299563,-299563
PLG2650,0,0,0,0,0,0
PLG2651,0,0,0,0,0,0
PLG2652,0,0,0,0,0,0
PLG2653,0,0,0,0,0,0
PLG2654,0,0,0,0,0,0
PLG2655,0,0,0,0,0,0
PLG2656,0,0,0,0,0,0
PLG2657,0,0,0,0,0,0
PLG2658,0,0,0,0,0,0
PLG2659,0,0,0,0,0,0
PLG2660,0,0,0,0,0,0
PLG2661,0,0,0,0,0,0
PLG2662,0,0,0,0,0,0
PLG2663,0,0,0,0,0,0
PLG2664,0,0,0,0,0,0
PLG2665,224195913,224195913,0,0,0,0
PLG2666,0,0,0,0,-70013803,-70013803
PLG2667,0,0,0,0,0,0
PLG2668,0,0,0,0,0,0
PLG2669,0,0,0,0,0,0
PLG2670,0,0,0,0,0,0
PLG2671,0,0,0,0,0,0
PLG2672,0,0,0,0,0,0
PLG2673,0,0,0,0,0,0
PLG2674,0,0,0,0,0,0
PLG2675,0,0,0,0,0,0
PLG2676,0,0,0,0,0,0
PLG2677,0,0,0,0,0,0
PLG2678,0,0,0,0,0,0
PLG2679,0,0,0,0,0,0
PLG2680,0,0,0,0,0,0
PLG2681,0,0,0,0,0,0
PLG2682,0,0,0,0,0,0
PLG2683,0,0,0,0,0,0
PLG2684,0,0,0,0,0,0
PLG2685,0,0,0,0,0,0
PLG2686,0,0,0,0,0,0
PLG2687,0,0,0,0,0,0
PLG2688,0,0,0,0,0,0
PLG2689,0,0,0,0,0,0
PLG2690,0,0,0,0,0,0
PLG2691,0,0,0,0,0,0
PLG2692,0,0,0,0,0,0
PLG2693,0,0,0,0,0,0
PLG2694,0,0,0,0,0,0
PLG2695,0,0,0,0,0,0
PLG2696,0,0,0,0,0,0
PLG2697,0,0,0,0,0,0
PLG2698,0,0,0,0,0,0
PLG2699,-10213266,-10213266,0,0,0,0
PLG2700,0,0,0,0,0,0
PLG2701,0,0,0,0,0,0
PLG2702,0,0,0,0,0,0
PLG2703,0,0,0,0,0,0
PLG2704,0,0,0,0,0,0
PLG2705,0,0,0,0,0,0
PLG2706,0,0,0,0,0,0
PLG2707,425153816,425153816,0,0,0,0
PLG2708,0,0,0,0,0,0
PLG2709,0,0,0,0,0,0
PLG2710,0,0,0,0,-18777590,-18777590
PLG2711,0,0,0,0,-2206088,-2206088
PLG2712,0,0,0,0,0,0
PLG2713,0,0,0,0,0,0
PLG2714,0,0,0,0,0,0
PLG2715,0,0,0,0,0,0
PLG2716,0,0,0,0,0,0
PLG2717,0,0,0,0,0,0
PLG2718,0,0,0,0,0,0
PLG2719,0,0,0,0,0,0
PLG2720,0,0,0,0,0,0
PLG2721,0,0,0,0,0,0
PLG2722,0,0,0,0,0,0
PLG2723,0,0,0,0,0,0
PLG2725,0,0,0,0,0,0
PLG2726,0,0,0,0,0,0
PLG2727,0,0,0,0,0,0
PLG2728,0,0,0,0,0,0
PLG2729,0,0,0,0,0,0
PLG2730,0,0,0,0,0,0
PLG2731,0,0,0,0,0,0
PLG2732,0,0,0,0,0,0
PLG2733,0,0,0,0,0,0
PLG2734,0,0,0,0,0,0
PLG2735,0,0,0,0,0,0
PLG2736,0,0,0,0,0,0
PLG2737,0,0,0,0,0,0
PLG2738,0,0,0,0,0,0
PLG2739,0,0,0,0,0,0
PLG2740,0,0,0,0,0,0
PLG2741,0,0,0,0,0,0
PLG2742,0,0,0,0,0,0
PLG2743,0,0,0,0,0,0
PLG2744,0,0,0,0,0,0
PLG2745,0,0,0,0,0,0
PLG2746,0,0,0,0,0,0
PLG2747,0,0,0,0,0,0
PLG2748,0,0,0,0,0,0
PLG2749,0,0,0,0,0,0
PLG2750,0,0,0,0,0,0
PLG2751,0,0,0,0,0,0
PLG2752,0,0,0,0,0,0
PLG2753,0,0,0,0,0,0
PLG2754,0,0,0,0,0,0
PLG2755,0,0,0,0,0,0
PLG2756,0,0,0,0,0,0
PLG2757,0,0,0,0,0,0
PLG2758,0,0,0,0,0,0
PLG2759,0,0,0,0,0,0
PLG2760,0,0,0,0,-836,-836
PLG2761,0,0,0,0,0,0
PLG2762,0,0,0,0,0,0
PLG2763,0,0,0,0,0,0
PLG2764,0,0,0,0,0,0
PLG2765,0,0,0,0,0,0
PLG2766,0,0,0,0,0,0
PLG2767,0,0,0,0,0,0
PLG2768,0,0,0,0,0,0
PLG2769,0,0,0,0,-16093,-16093
PLG2770,0,0,0,0,-10000000,-10000000
PLG2771,0,0,0,0,0,0
PLG2772,0,0,0,0,0,0
PLG2773,0,0,0,0,0,0
PLG2774,0,0,0,0,0,0
PLG2775,0,0,0,0,-6008557,-6008557
PLG2776,0,0,0,0,11568,11568
PLG2777,0,0,0,0,0,0
PLG2778,0,0,0,0,0,0
PLG2779,0,0,0,0,-230393,-230393
PLG2780,0,0,0,0,0,0
PLG2781,0,0,0,0,-1732326,-1732326
PLG2782,0,0,0,0,-3222120,-3222120
PLG2784,0,0,0,0,1661036,1661036
PLG2785,0,0,0,0,0,0
PLG2786,0,0,0,0,1092019,1092019
PLG2787,0,0,0,0,0,0
PLG2788,0,0,0,0,-138345,-138345
PLG2789,6919785,6919785,0,0,0,0
PLG2790,0,0,0,0,-45706,-45706
PLG2791,0,0,0,0,-10039076,-10039076
PLG2792,0,0,0,0,0,0
PLG2793,42450,42450,0,0,0,0
PLG2794,0,0,0,0,0,0
PLG2795,0,0,0,0,0,0
PLG2796,0,0,0,0,0,0
PLG2797,0,0,0,0,0,0
PLG2798,0,0,0,0,0,0
PLG2799,0,0,0,0,0,0
PLG2800,0,0,0,0,0,0
PLG2801,0,0,0,0,0,0
PLG2802,0,0,0,0,0,0
PLG2803,0,0,0,0,0,0
PLG2804,0,0,0,0,0,0
PLG2805,0,0,0,0,0,0
PLG2806,0,0,0,0,0,0
PLG2807,0,0,0,0,0,0
PLG2808,0,0,0,0,0,0
PLG2809,0,0,0,0,0,0
PLG2810,0,0,0,0,0,0
PLG2811,0,0,0,0,0,0
PLG2812,0,0,0,0,0,0
PLG2813,0,0,0,0,0,0
PLG2814,0,0,0,0,0,0
PLG2815,0,0,0,0,0,0
PLG2816,0,0,0,0,0,0
PLG2817,0,0,0,0,0,0
PLG2818,0,0,0,0,-2430293,-2430293
PLG2819,0,0,0,0,0,0
PLG2820,0,0,0,0,0,0
PLG2821,0,0,0,0,0,0
PLG2822,0,0,0,0,0,0
PLG2823,0,0,0,0,0,0
PLG2824,0,0,0,0,0,0
PLG2825,0,0,0,0,0,0
PLG2826,0,0,0,0,0,0
PLG2827,0,0,0,0,-10416102,-10416102
PLG2828,0,0,0,0,-715653,-715653
PLG2829,0,0,0,0,0,0
PLG2830,0,0,0,0,-96250,-96250
PLG2831,0,0,0,0,0,0
PLG2832,0,0,0,0,0,0
PLG2833,0,0,0,0,0,0
PLG2834,0,0,0,0,0,0
PLG2835,0,0,0,0,0,0
PLG2836,0,0,0,0,0,0
PLG2837,0,0,0,0,0,0
PLG2838,0,0,0,0,0,0
PLG2839,0,0,0,0,0,0
PLG2840,0,0,0,0,0,0
PLG2841,0,0,0,0,0,0
PLG2842,0,0,0,0,0,0
PLG2843,0,0,0,0,0,0
PLG2844,0,0,0,0,0,0
PLG2845,0,0,0,0,0,0
PLG2846,0,0,0,0,0,0
PLG2847,0,0,0,0,0,0
PLG2848,0,0,0,0,0,0
PLG2849,0,0,0,0,0,0
PLG2850,0,0,0,0,0,0
PLG2851,0,0,0,0,0,0
PLG2852,0,0,0,0,0,0
PLG2853,0,0,0,0,0,0
PLG2854,0,0,0,0,0,0
PLG2855,0,0,0,0,0,0
PLG2856,0,0,0,0,0,0
PLG2857,0,0,0,0,0,0
PLG2858,0,0,0,0,0,0
PLG2859,0,0,0,0,0,0
PLG2860,0,0,0,0,0,0
PLG2861,0,0,0,0,0,0
PLG2862,0,0,0,0,0,0
PLG2863,0,0,0,0,0,0
PLG2864,0,0,0,0,0,0
PLG2865,0,0,0,0,0,0
PLG2867,0,0,0,0,0,0
PLG2868,0,0,0,0,0,0
PLG2869,0,0,0,0,0,0
PLG2870,0,0,0,0,0,0
PLG2871,0,0,0,0,0,0
PLG2872,0,0,0,0,0,0
PLG2873,0,0,0,0,0,0
PLG2874,0,0,0,0,0,0
PLG2875,0,0,0,0,0,0
PLG2876,0,0,0,0,0,0
PLG2877,0,0,0,0,0,0
PLG2878,0,0,0,0,0,0
PLG2879,0,0,0,0,0,0
PLG2880,0,0,0,0,0,0
PLG2881,0,0,0,0,0,0
PLG2882,0,0,0,0,0,0
PLG2883,0,0,0,0,0,0
PLG2884,0,0,0,0,0,0
PLG2885,0,0,0,0,0,0
PLG2886,0,0,0,0,0,0
PLG2887,25526556,25526556,0,0,0,0
PLG2888,0,0,0,0,0,0
PLG2889,0,0,0,0,0,0
PLG2890,0,0,0,0,0,0
PLG2891,0,0,0,0,-839649,-839649
PLG2892,0,0,0,0,0,0
PLG2893,0,0,0,0,0,0
PLG2894,0,0,0,0,0,0
PLG2895,0,0,0,0,0,0
PLG2896,0,0,0,0,0,0
PLG2897,0,0,0,0,0,0
PLG2898,0,0,0,0,0,0
PLG2899,0,0,0,0,0,0
PLG2900,0,0,0,0,0,0
PLG2901,0,0,0,0,0,0
PLG2903,0,0,0,0,0,0
PLG2905,0,0,0,0,0,0
PLG2906,0,0,0,0,0,0
PLG2907,0,0,0,0,0,0
PLG2908,0,0,0,0,0,0
PLG2909,0,0,0,0,0,0
PLG2910,0,0,0,0,0,0
PLG2912,0,0,0,0,0,0
PLG2913,0,0,0,0,0,0
PLG2914,0,0,0,0,0,0
PLG2915,0,0,0,0,0,0
PLG2916,0,0,0,0,0,0
PLG2917,0,0,0,0,-23517387,-23517387
PLG2918,0,0,0,0,0,0
PLG2919,0,0,0,0,0,0
PLG2920,0,0,0,0,0,0
PLG2921,0,0,0,0,0,0
PLG2922,0,0,0,0,0,0
PLG2923,0,0,0,0,0,0
PLG2924,0,0,0,0,0,0
PLG2925,0,0,0,0,0,0
PLG2926,0,0,0,0,0,0
PLG2927,0,0,0,0,0,0
PLG2928,0,0,0,0,0,0
PLG2929,0,0,0,0,0,0
PLG2930,0,0,0,0,18559387,18559387
PLG2931,0,0,0,0,72395200,72395200
PLG2932,0,0,0,0,12526000,12526000
PLG2933,0,0,0,0,7543286,7543286
PLG2934,0,0,0,0,0,0
PLG2935,0,0,0,0,0,0
PLG2936,0,0,0,0,0,0
PLG2937,-101100000,-101100000,0,0,0,0
PLG2938,0,0,0,0,0,0
PLG2939,1629000,1629000,0,0,0,0
PLG2940,0,0,0,0,0,0
PLG2941,0,0,0,0,0,0
PLG2942,0,0,0,0,0,0
PLG2943,0,0,0,0,0,0
PLG2944,0,0,0,0,-600410,-600410
PLG2945,0,0,0,0,0,0
PLG2946,0,0,0,0,0,0
PLG2947,0,0,0,0,0,0
PLG2948,18916600,18916600,0,0,0,0
PLG2949,74649503,74649503,0,0,0,0
PLG2950,0,0,0,0,0,0
PLG2951,0,0,0,0,0,0
PLG2952,-564129111.00,-564129111.00,0,0,0,0
PLG2953,0,0,0,0,1511524,1511524
PLG2954,39526321,39526321,0,0,0,0
PLG2955,0.00,0.00,0,0,0,0
PLG2956,51223570,51223570,0,0,0,0
PLG2957,0,0,0,0,98056,98056
PLG2958,50376351,50376351,0,0,0,0
PLG2959,24935709,24935709,0,0,0,0
PLG2960,134054499,134054499,0,0,0,0
PLG2961,4140000,4140000,0,0,0,0
PLG2962,-13000020,-13000020,0,0,0,0
PLG2963,24760056,24760056,0,0,0,0
PLG2964,49371260,49371260,0,0,0,0
PLG2965,0,0,0,0,-4668932,-4668932
PLG2966,-18964300,-18964300,0,0,0,0
PLG2967,0,0,0,0,0,0
PLG2968,0,0,0,0,-1307955,-1307955
PLG2969,486239718,486239718,0,0,0,0
PLG2970,1119119163,1119119163,0,0,0,0
PLG2971,0,0,0,0,-1246258,-1246258
PLG2972,16016800,16016800,0,0,0,0
PLG2973,8335500,8335500,0,0,0,0
PLG2974,0,0,0,0,0,0
PLG2975,5310000,5310000,0,0,0,0
